date_time,target_carbon_monoxide,target_benzene,target_nitrogen_oxides
2011-01-01 00:00:00,1.8,5.8,346.1
2011-01-01 01:00:00,2.3,7.3,387.7
2011-01-01 02:00:00,2.3,7.3,405.0
2011-01-01 03:00:00,2.2,8.7,411.9
2011-01-01 04:00:00,1.4,6.8,307.8
2011-01-01 05:00:00,1.5,4.8,248.3
2011-01-01 06:00:00,1.1,4.7,281.5
2011-01-01 07:00:00,1.2,4.4,212.8
2011-01-01 08:00:00,1.2,3.4,212.1
2011-01-01 09:00:00,1.2,3.1,193.4
2011-01-01 10:00:00,1.3,4.6,220.6
2011-01-01 11:00:00,1.5,4.9,238.3
2011-01-01 12:00:00,1.9,7.4,349.3
2011-01-01 13:00:00,2.6,9.9,405.5
2011-01-01 14:00:00,2.2,9.3,402.6
2011-01-01 15:00:00,1.9,7.2,361.8
2011-01-01 16:00:00,2.1,8.5,393.6
2011-01-01 17:00:00,2.7,11.0,479.9
2011-01-01 18:00:00,4.5,17.3,695.0
2011-01-01 19:00:00,3.1,12.8,484.9
2011-01-01 20:00:00,2.2,7.6,383.1
2011-01-01 21:00:00,2.2,9.1,385.5
2011-01-01 22:00:00,2.1,6.6,339.7
2011-01-01 23:00:00,1.8,5.7,282.7
2011-01-02 00:00:00,1.8,5.5,281.3
2011-01-02 01:00:00,1.4,4.8,250.1
2011-01-02 02:00:00,1.4,2.9,201.8
2011-01-02 03:00:00,1.3,4.1,205.2
2011-01-02 04:00:00,1.3,3.6,165.7
2011-01-02 05:00:00,1.0,3.4,172.6
2011-01-02 06:00:00,1.0,2.8,162.4
2011-01-02 07:00:00,1.1,3.1,158.1
2011-01-02 08:00:00,1.1,2.7,155.2
2011-01-02 09:00:00,1.3,4.9,191.5
2011-01-02 10:00:00,1.3,4.7,196.5
2011-01-02 11:00:00,2.0,7.2,318.7
2011-01-02 12:00:00,2.2,8.0,379.3
2011-01-02 13:00:00,2.6,9.0,445.4
2011-01-02 14:00:00,2.6,8.5,405.2
2011-01-02 15:00:00,1.9,6.6,299.2
2011-01-02 16:00:00,2.7,10.0,461.4
2011-01-02 17:00:00,2.3,7.6,385.4
2011-01-02 18:00:00,2.5,8.8,404.1
2011-01-02 19:00:00,3.3,12.5,458.9
2011-01-02 20:00:00,3.3,11.5,517.0
2011-01-02 21:00:00,2.7,0.2,260.6
2011-01-02 22:00:00,2.0,0.2,210.2
2011-01-02 23:00:00,2.2,0.2,319.3
2011-01-03 00:00:00,1.9,0.3,213.9
2011-01-03 01:00:00,2.1,0.3,297.5
2011-01-03 02:00:00,1.9,0.5,231.1
2011-01-03 03:00:00,2.5,0.4,246.0
2011-01-03 04:00:00,1.8,0.4,227.3
2011-01-03 05:00:00,0.9,0.3,207.3
2011-01-03 06:00:00,2.0,0.3,270.9
2011-01-03 07:00:00,1.5,0.3,301.5
2011-01-03 08:00:00,2.5,0.3,298.0
2011-01-03 09:00:00,2.1,0.2,250.9
2011-01-03 10:00:00,2.0,0.2,225.7
2011-01-03 11:00:00,1.5,0.2,103.6
2011-01-03 12:00:00,2.9,0.2,370.5
2011-01-03 13:00:00,1.9,0.2,109.5
2011-01-03 14:00:00,1.3,0.2,175.5
2011-01-03 15:00:00,2.0,0.2,269.4
2011-01-03 16:00:00,1.8,0.2,337.8
2011-01-03 17:00:00,1.5,0.2,115.6
2011-01-03 18:00:00,1.2,0.2,106.8
2011-01-03 19:00:00,1.3,0.2,157.0
2011-01-03 20:00:00,1.2,0.2,108.4
2011-01-03 21:00:00,1.9,0.2,220.3
2011-01-03 22:00:00,1.6,0.2,151.5
2011-01-03 23:00:00,1.6,0.2,123.6
2011-01-04 00:00:00,0.9,0.3,114.7
2011-01-04 01:00:00,1.3,0.4,248.2
2011-01-04 02:00:00,2.2,0.5,268.1
2011-01-04 03:00:00,0.9,0.3,105.2
2011-01-04 04:00:00,0.7,0.3,83.4
2011-01-04 05:00:00,1.6,0.3,172.4
2011-01-04 06:00:00,1.7,0.3,187.3
2011-01-04 07:00:00,2.0,0.3,241.0
2011-01-04 08:00:00,0.9,0.3,128.9
2011-01-04 09:00:00,1.4,0.2,199.5
2011-01-04 10:00:00,2.7,0.2,268.2
2011-01-04 11:00:00,2.4,0.2,269.7
2011-01-04 12:00:00,2.6,0.2,296.2
2011-01-04 13:00:00,2.3,0.2,224.5
2011-01-04 14:00:00,1.7,0.2,126.0
2011-01-04 15:00:00,2.0,0.2,334.0
2011-01-04 16:00:00,2.1,0.2,204.1
2011-01-04 17:00:00,2.4,0.2,276.3
2011-01-04 18:00:00,2.4,0.2,299.3
2011-01-04 19:00:00,1.7,0.2,136.6
2011-01-04 20:00:00,1.6,0.2,118.9
2011-01-04 21:00:00,1.9,0.2,234.6
2011-01-04 22:00:00,2.2,0.2,208.2
2011-01-04 23:00:00,2.2,0.2,174.8
2011-01-05 00:00:00,2.3,0.3,455.2
2011-01-05 01:00:00,1.7,5.5,304.9
2011-01-05 02:00:00,2.3,8.2,405.4
2011-01-05 03:00:00,2.4,9.0,437.2
2011-01-05 04:00:00,2.3,7.7,446.3
2011-01-05 05:00:00,2.4,8.3,453.2
2011-01-05 06:00:00,2.1,7.5,425.1
2011-01-05 07:00:00,3.4,13.1,539.0
2011-01-05 08:00:00,3.9,15.2,655.5
2011-01-05 09:00:00,5.5,24.3,842.5
2011-01-05 10:00:00,4.9,20.3,791.4
2011-01-05 11:00:00,5.5,24.1,902.5
2011-01-05 12:00:00,5.7,26.4,968.0
2011-01-05 13:00:00,6.0,25.2,995.9
2011-01-05 14:00:00,3.3,13.8,600.6
2011-01-05 15:00:00,3.1,13.4,511.2
2011-01-05 16:00:00,3.4,15.2,618.6
2011-01-05 17:00:00,3.1,12.7,506.5
2011-01-05 18:00:00,2.9,11.9,477.2
2011-01-05 19:00:00,3.6,15.9,553.3
2011-01-05 20:00:00,3.7,17.4,667.3
2011-01-05 21:00:00,2.8,11.3,460.1
2011-01-05 22:00:00,2.6,11.0,413.2
2011-01-05 23:00:00,1.3,5.2,219.0
2011-01-06 00:00:00,1.5,5.9,211.6
2011-01-06 01:00:00,1.6,6.4,221.7
2011-01-06 02:00:00,1.6,5.0,195.1
2011-01-06 03:00:00,1.1,4.2,153.7
2011-01-06 04:00:00,0.8,2.6,82.3
2011-01-06 05:00:00,1.1,3.8,139.0
2011-01-06 06:00:00,0.9,1.8,129.9
2011-01-06 07:00:00,0.9,2.2,82.3
2011-01-06 08:00:00,1.1,4.4,162.5
2011-01-06 09:00:00,1.7,6.9,273.7
2011-01-06 10:00:00,1.7,6.9,257.9
2011-01-06 11:00:00,1.5,6.6,244.3
2011-01-06 12:00:00,1.5,5.1,211.1
2011-01-06 13:00:00,2.0,8.5,271.0
2011-01-06 14:00:00,1.7,6.3,233.0
2011-01-06 15:00:00,1.6,7.0,228.7
2011-01-06 16:00:00,1.9,7.2,193.5
2011-01-06 17:00:00,1.9,7.2,275.5
2011-01-06 18:00:00,2.2,9.2,289.0
2011-01-06 19:00:00,3.2,12.7,510.4
2011-01-06 20:00:00,2.8,11.1,490.7
2011-01-06 21:00:00,2.4,9.5,395.6
2011-01-06 22:00:00,2.2,8.5,329.6
2011-01-06 23:00:00,1.6,5.3,305.9
2011-01-07 00:00:00,1.1,4.0,188.4
2011-01-07 01:00:00,1.4,3.0,169.4
2011-01-07 02:00:00,1.5,3.8,185.6
2011-01-07 03:00:00,1.1,2.5,141.2
2011-01-07 04:00:00,1.2,2.2,149.6
2011-01-07 05:00:00,0.7,1.7,125.4
2011-01-07 06:00:00,0.8,2.0,125.4
2011-01-07 07:00:00,1.3,2.8,160.7
2011-01-07 08:00:00,2.0,8.0,332.7
2011-01-07 09:00:00,3.3,13.8,516.0
2011-01-07 10:00:00,2.0,8.1,359.0
2011-01-07 11:00:00,2.5,11.0,378.9
2011-01-07 12:00:00,2.8,10.9,463.4
2011-01-07 13:00:00,3.1,13.0,522.5
2011-01-07 14:00:00,2.9,11.8,527.6
2011-01-07 15:00:00,3.3,14.2,592.6
2011-01-07 16:00:00,4.2,20.2,719.8
2011-01-07 17:00:00,4.1,19.0,773.6
2011-01-07 18:00:00,4.8,23.0,874.4
2011-01-07 19:00:00,4.8,23.2,810.2
2011-01-07 20:00:00,4.6,23.1,856.2
2011-01-07 21:00:00,4.3,17.2,656.0
2011-01-07 22:00:00,4.0,15.2,607.1
2011-01-07 23:00:00,2.9,11.1,507.4
2011-01-08 00:00:00,3.5,12.9,588.3
2011-01-08 01:00:00,1.7,6.9,311.5
2011-01-08 02:00:00,1.4,5.5,224.9
2011-01-08 03:00:00,1.2,4.1,175.3
2011-01-08 04:00:00,1.1,2.8,165.5
2011-01-08 05:00:00,1.2,3.3,165.6
2011-01-08 06:00:00,1.2,4.6,178.5
2011-01-08 07:00:00,1.3,3.8,180.1
2011-01-08 08:00:00,2.9,11.2,566.6
2011-01-08 09:00:00,3.5,14.5,632.4
2011-01-08 10:00:00,2.7,11.0,424.9
2011-01-08 11:00:00,3.1,12.3,534.3
2011-01-08 12:00:00,2.8,11.0,525.3
2011-01-08 13:00:00,3.2,13.7,557.1
2011-01-08 14:00:00,4.0,16.4,626.5
2011-01-08 15:00:00,3.5,14.0,570.8
2011-01-08 16:00:00,4.7,18.3,791.9
2011-01-08 17:00:00,4.5,20.8,814.1
2011-01-08 18:00:00,4.4,18.5,686.9
2011-01-08 19:00:00,4.6,20.5,819.9
2011-01-08 20:00:00,5.5,24.1,914.0
2011-01-08 21:00:00,3.5,15.4,584.7
2011-01-08 22:00:00,2.6,10.6,386.7
2011-01-08 23:00:00,1.6,6.4,248.6
2011-01-09 00:00:00,1.7,6.9,201.1
2011-01-09 01:00:00,1.6,5.9,203.0
2011-01-09 02:00:00,1.6,5.6,208.0
2011-01-09 03:00:00,1.0,3.5,144.2
2011-01-09 04:00:00,0.8,1.9,71.2
2011-01-09 05:00:00,0.6,2.5,69.2
2011-01-09 06:00:00,0.7,1.7,74.0
2011-01-09 07:00:00,0.6,1.8,72.0
2011-01-09 08:00:00,1.0,2.2,94.6
2011-01-09 09:00:00,0.6,2.1,71.2
2011-01-09 10:00:00,1.5,3.9,120.2
2011-01-09 11:00:00,1.7,5.2,328.0
2011-01-09 12:00:00,2.4,9.7,304.4
2011-01-09 13:00:00,2.2,8.9,318.4
2011-01-09 14:00:00,2.8,12.8,393.1
2011-01-09 15:00:00,3.7,17.6,485.5
2011-01-09 16:00:00,2.2,9.3,317.8
2011-01-09 17:00:00,2.3,9.5,290.2
2011-01-09 18:00:00,3.2,13.9,467.0
2011-01-09 19:00:00,2.3,9.3,333.7
2011-01-09 20:00:00,3.0,13.1,332.7
2011-01-09 21:00:00,2.3,9.1,333.7
2011-01-09 22:00:00,1.6,5.8,262.9
2011-01-09 23:00:00,2.2,8.7,351.6
2011-01-10 00:00:00,2.1,8.5,336.5
2011-01-10 01:00:00,2.1,8.2,373.7
2011-01-10 02:00:00,1.3,4.6,193.4
2011-01-10 03:00:00,1.4,2.5,160.3
2011-01-10 04:00:00,1.0,2.1,131.7
2011-01-10 05:00:00,0.8,1.6,74.5
2011-01-10 06:00:00,1.2,3.8,148.0
2011-01-10 07:00:00,1.8,6.5,303.7
2011-01-10 08:00:00,4.8,22.3,821.4
2011-01-10 09:00:00,4.7,21.4,833.6
2011-01-10 10:00:00,4.1,18.3,683.7
2011-01-10 11:00:00,4.3,17.8,699.3
2011-01-10 12:00:00,3.3,14.3,589.0
2011-01-10 13:00:00,4.1,18.8,688.6
2011-01-10 14:00:00,4.5,21.2,822.5
2011-01-10 15:00:00,4.2,21.3,676.0
2011-01-10 16:00:00,3.6,16.3,644.4
2011-01-10 17:00:00,4.0,17.7,700.1
2011-01-10 18:00:00,4.2,19.5,729.2
2011-01-10 19:00:00,4.0,19.1,758.0
2011-01-10 20:00:00,4.1,18.8,705.0
2011-01-10 21:00:00,3.4,15.1,631.0
2011-01-10 22:00:00,3.4,13.6,570.2
2011-01-10 23:00:00,2.2,8.7,391.6
2011-01-11 00:00:00,2.3,8.6,409.5
2011-01-11 01:00:00,1.6,5.7,276.0
2011-01-11 02:00:00,1.4,3.6,223.7
2011-01-11 03:00:00,1.1,2.7,148.8
2011-01-11 04:00:00,1.2,2.7,160.6
2011-01-11 05:00:00,1.1,3.2,163.9
2011-01-11 06:00:00,1.5,3.4,180.1
2011-01-11 07:00:00,1.6,5.6,193.4
2011-01-11 08:00:00,4.1,18.7,808.0
2011-01-11 09:00:00,5.8,30.5,1033.0
2011-01-11 10:00:00,3.6,15.4,701.7
2011-01-11 11:00:00,4.0,19.0,779.7
2011-01-11 12:00:00,3.8,15.9,691.2
2011-01-11 13:00:00,3.5,15.4,656.5
2011-01-11 14:00:00,4.2,18.5,815.0
2011-01-11 15:00:00,4.1,19.5,687.3
2011-01-11 16:00:00,4.6,22.9,865.7
2011-01-11 17:00:00,4.3,21.3,760.8
2011-01-11 18:00:00,4.6,21.2,778.6
2011-01-11 19:00:00,4.7,21.3,778.9
2011-01-11 20:00:00,5.2,25.2,884.2
2011-01-11 21:00:00,4.5,21.3,780.4
2011-01-11 22:00:00,4.6,20.1,873.9
2011-01-11 23:00:00,3.9,17.2,763.5
2011-01-12 00:00:00,2.9,11.8,534.7
2011-01-12 01:00:00,3.0,11.4,525.1
2011-01-12 02:00:00,2.2,8.7,435.6
2011-01-12 03:00:00,1.2,4.0,227.0
2011-01-12 04:00:00,1.1,4.6,196.3
2011-01-12 05:00:00,1.2,5.5,195.6
2011-01-12 06:00:00,1.7,7.6,372.3
2011-01-12 07:00:00,2.1,8.7,384.1
2011-01-12 08:00:00,4.6,21.3,821.1
2011-01-12 09:00:00,4.7,19.4,821.5
2011-01-12 10:00:00,4.4,19.9,843.7
2011-01-12 11:00:00,3.5,17.0,679.7
2011-01-12 12:00:00,3.6,15.6,710.2
2011-01-12 13:00:00,4.0,19.0,745.1
2011-01-12 14:00:00,3.3,15.8,488.0
2011-01-12 15:00:00,3.7,18.8,511.7
2011-01-12 16:00:00,3.9,18.9,625.6
2011-01-12 17:00:00,3.3,15.7,528.4
2011-01-12 18:00:00,4.7,25.6,815.9
2011-01-12 19:00:00,5.4,29.8,880.9
2011-01-12 20:00:00,5.5,26.1,793.8
2011-01-12 21:00:00,5.2,25.0,943.9
2011-01-12 22:00:00,3.6,16.1,645.2
2011-01-12 23:00:00,3.0,12.5,483.0
2011-01-13 00:00:00,2.9,11.9,541.1
2011-01-13 01:00:00,3.0,11.7,448.5
2011-01-13 02:00:00,1.7,7.0,329.6
2011-01-13 03:00:00,1.8,7.0,311.7
2011-01-13 04:00:00,1.2,4.1,145.2
2011-01-13 05:00:00,0.9,3.4,147.9
2011-01-13 06:00:00,1.0,3.8,157.9
2011-01-13 07:00:00,2.1,9.1,348.1
2011-01-13 08:00:00,3.7,17.4,723.5
2011-01-13 09:00:00,4.7,23.2,851.8
2011-01-13 10:00:00,3.5,14.9,620.8
2011-01-13 11:00:00,4.4,18.5,685.6
2011-01-13 12:00:00,3.1,13.5,472.3
2011-01-13 13:00:00,2.7,10.0,465.3
2011-01-13 14:00:00,3.0,12.7,479.1
2011-01-13 15:00:00,3.4,14.7,525.7
2011-01-13 16:00:00,3.4,14.8,629.6
2011-01-13 17:00:00,4.7,21.0,817.6
2011-01-13 18:00:00,5.5,25.8,888.1
2011-01-13 19:00:00,4.4,20.5,784.9
2011-01-13 20:00:00,3.0,12.6,522.3
2011-01-13 21:00:00,3.1,12.4,543.0
2011-01-13 22:00:00,2.0,8.5,394.9
2011-01-13 23:00:00,2.2,9.3,386.1
2011-01-14 00:00:00,2.2,9.1,361.9
2011-01-14 01:00:00,1.8,6.5,321.4
2011-01-14 02:00:00,1.3,3.9,212.1
2011-01-14 03:00:00,1.2,4.6,175.2
2011-01-14 04:00:00,1.6,3.6,184.7
2011-01-14 05:00:00,2.1,8.1,395.6
2011-01-14 06:00:00,1.5,5.5,203.7
2011-01-14 07:00:00,2.0,7.8,400.2
2011-01-14 08:00:00,5.2,25.5,974.4
2011-01-14 09:00:00,3.8,16.0,600.9
2011-01-14 10:00:00,3.5,15.9,642.2
2011-01-14 11:00:00,4.1,19.6,716.6
2011-01-14 12:00:00,3.1,13.2,529.5
2011-01-14 13:00:00,3.7,16.5,601.9
2011-01-14 14:00:00,3.7,17.0,578.0
2011-01-14 15:00:00,3.2,14.7,560.1
2011-01-14 16:00:00,3.4,14.5,575.6
2011-01-14 17:00:00,5.7,27.5,954.2
2011-01-14 18:00:00,5.5,25.5,923.8
2011-01-14 19:00:00,5.0,25.2,917.5
2011-01-14 20:00:00,5.5,28.0,986.8
2011-01-14 21:00:00,4.3,19.4,707.1
2011-01-14 22:00:00,1.4,5.7,266.0
2011-01-14 23:00:00,1.7,7.0,343.5
2011-01-15 00:00:00,1.7,7.5,325.1
2011-01-15 01:00:00,2.0,8.4,294.0
2011-01-15 02:00:00,1.6,5.4,270.8
2011-01-15 03:00:00,1.8,4.3,231.8
2011-01-15 04:00:00,1.7,5.4,200.3
2011-01-15 05:00:00,1.1,2.8,173.3
2011-01-15 06:00:00,1.2,3.3,139.6
2011-01-15 07:00:00,1.5,5.0,186.7
2011-01-15 08:00:00,2.6,10.3,416.3
2011-01-15 09:00:00,2.6,10.5,526.2
2011-01-15 10:00:00,2.7,9.5,352.8
2011-01-15 11:00:00,2.3,10.5,425.5
2011-01-15 12:00:00,3.3,12.7,549.8
2011-01-15 13:00:00,3.6,16.8,622.5
2011-01-15 14:00:00,4.1,18.8,808.7
2011-01-15 15:00:00,3.2,13.8,535.0
2011-01-15 16:00:00,2.7,10.9,457.0
2011-01-15 17:00:00,3.1,12.9,522.7
2011-01-15 18:00:00,4.1,20.2,839.5
2011-01-15 19:00:00,4.5,19.0,751.2
2011-01-15 20:00:00,3.0,12.9,491.3
2011-01-15 21:00:00,3.4,13.7,592.3
2011-01-15 22:00:00,2.1,7.9,383.9
2011-01-15 23:00:00,2.6,9.7,442.2
2011-01-16 00:00:00,3.3,15.0,514.1
2011-01-16 01:00:00,2.3,8.7,406.8
2011-01-16 02:00:00,1.7,7.2,318.9
2011-01-16 03:00:00,1.5,6.0,269.3
2011-01-16 04:00:00,1.5,6.1,228.4
2011-01-16 05:00:00,1.2,4.5,178.6
2011-01-16 06:00:00,1.2,3.9,176.8
2011-01-16 07:00:00,1.6,6.1,244.8
2011-01-16 08:00:00,1.3,5.3,220.1
2011-01-16 09:00:00,1.7,6.9,276.2
2011-01-16 10:00:00,0.8,2.5,194.0
2011-01-16 11:00:00,0.7,2.4,96.6
2011-01-16 12:00:00,0.6,2.5,96.4
2011-01-16 13:00:00,0.7,2.7,121.4
2011-01-16 14:00:00,0.6,2.2,96.4
2011-01-16 15:00:00,0.8,1.6,117.4
2011-01-16 16:00:00,0.8,2.5,120.2
2011-01-16 17:00:00,0.8,3.6,105.0
2011-01-16 18:00:00,0.9,3.3,208.7
2011-01-16 19:00:00,1.6,6.8,278.9
2011-01-16 20:00:00,1.6,6.0,292.9
2011-01-16 21:00:00,1.3,4.5,230.4
2011-01-16 22:00:00,1.4,4.2,228.3
2011-01-16 23:00:00,1.2,4.6,249.0
2011-01-17 00:00:00,1.0,4.5,240.2
2011-01-17 01:00:00,1.0,3.8,225.5
2011-01-17 02:00:00,0.9,3.6,200.9
2011-01-17 03:00:00,0.7,1.5,193.3
2011-01-17 04:00:00,0.8,1.5,193.3
2011-01-17 05:00:00,0.5,0.9,147.3
2011-01-17 06:00:00,0.7,1.6,193.3
2011-01-17 07:00:00,0.9,3.9,213.4
2011-01-17 08:00:00,3.9,17.3,653.3
2011-01-17 09:00:00,4.2,20.1,691.6
2011-01-17 10:00:00,3.5,17.0,619.0
2011-01-17 11:00:00,3.6,17.6,612.6
2011-01-17 12:00:00,3.3,15.6,606.5
2011-01-17 13:00:00,3.4,14.6,538.7
2011-01-17 14:00:00,3.1,13.4,508.7
2011-01-17 15:00:00,3.7,18.3,615.1
2011-01-17 16:00:00,3.4,14.5,533.0
2011-01-17 17:00:00,4.8,24.6,815.2
2011-01-17 18:00:00,8.2,41.6,1099.9
2011-01-17 19:00:00,7.5,35.1,1106.5
2011-01-17 20:00:00,4.0,19.0,717.0
2011-01-17 21:00:00,3.2,15.8,615.5
2011-01-17 22:00:00,2.3,8.3,443.4
2011-01-17 23:00:00,2.0,7.1,343.5
2011-01-18 00:00:00,2.1,7.9,357.3
2011-01-18 01:00:00,1.3,6.0,298.8
2011-01-18 02:00:00,1.0,3.7,206.4
2011-01-18 03:00:00,0.8,2.4,198.5
2011-01-18 04:00:00,0.8,2.5,189.9
2011-01-18 05:00:00,0.8,3.2,191.0
2011-01-18 06:00:00,1.2,4.4,268.6
2011-01-18 07:00:00,1.8,8.2,355.4
2011-01-18 08:00:00,4.5,18.5,686.7
2011-01-18 09:00:00,4.8,21.5,806.7
2011-01-18 10:00:00,4.3,22.7,841.9
2011-01-18 11:00:00,4.1,18.0,651.7
2011-01-18 12:00:00,4.4,22.6,861.9
2011-01-18 13:00:00,5.0,24.4,930.8
2011-01-18 14:00:00,5.5,31.4,1060.5
2011-01-18 15:00:00,4.7,24.7,916.0
2011-01-18 16:00:00,5.1,27.8,1006.7
2011-01-18 17:00:00,4.6,25.6,950.3
2011-01-18 18:00:00,5.1,26.4,943.7
2011-01-18 19:00:00,5.5,28.2,1055.2
2011-01-18 20:00:00,5.1,23.9,957.1
2011-01-18 21:00:00,1.9,6.3,324.9
2011-01-18 22:00:00,1.5,3.7,169.0
2011-01-18 23:00:00,1.6,5.2,227.6
2011-01-19 00:00:00,1.8,5.7,264.4
2011-01-19 01:00:00,1.8,5.7,249.4
2011-01-19 02:00:00,1.7,5.5,222.2
2011-01-19 03:00:00,0.8,1.6,128.1
2011-01-19 04:00:00,0.7,0.7,73.1
2011-01-19 05:00:00,0.6,0.6,66.1
2011-01-19 06:00:00,0.7,1.2,68.7
2011-01-19 07:00:00,1.0,2.8,140.6
2011-01-19 08:00:00,1.8,7.0,277.2
2011-01-19 09:00:00,1.9,7.8,293.9
2011-01-19 10:00:00,1.0,3.1,155.4
2011-01-19 11:00:00,0.8,1.9,75.1
2011-01-19 12:00:00,0.9,3.2,76.5
2011-01-19 13:00:00,1.1,4.3,91.6
2011-01-19 14:00:00,1.8,7.7,225.6
2011-01-19 15:00:00,1.1,4.3,113.4
2011-01-19 16:00:00,1.1,4.3,144.6
2011-01-19 17:00:00,1.2,4.7,113.4
2011-01-19 18:00:00,1.6,6.2,254.8
2011-01-19 19:00:00,1.6,6.6,199.0
2011-01-19 20:00:00,2.0,8.3,277.7
2011-01-19 21:00:00,1.8,6.9,279.1
2011-01-19 22:00:00,0.8,2.7,91.6
2011-01-19 23:00:00,1.1,4.2,102.2
2011-01-20 00:00:00,1.2,4.2,154.3
2011-01-20 01:00:00,0.7,2.6,89.4
2011-01-20 02:00:00,0.7,1.3,73.4
2011-01-20 03:00:00,0.7,1.2,66.8
2011-01-20 04:00:00,0.6,1.0,64.4
2011-01-20 05:00:00,0.7,0.6,73.8
2011-01-20 06:00:00,1.0,3.2,140.2
2011-01-20 07:00:00,1.0,3.0,130.7
2011-01-20 08:00:00,3.1,12.5,469.0
2011-01-20 09:00:00,3.7,16.0,635.9
2011-01-20 10:00:00,3.7,17.2,712.8
2011-01-20 11:00:00,3.0,12.3,489.1
2011-01-20 12:00:00,2.8,13.0,542.1
2011-01-20 13:00:00,3.0,12.6,456.1
2011-01-20 14:00:00,3.0,14.9,463.4
2011-01-20 15:00:00,2.4,11.1,418.6
2011-01-20 16:00:00,3.2,14.0,488.3
2011-01-20 17:00:00,4.5,23.0,686.1
2011-01-20 18:00:00,5.7,29.2,949.2
2011-01-20 19:00:00,4.5,20.6,789.2
2011-01-20 20:00:00,3.3,14.5,600.1
2011-01-20 21:00:00,3.2,13.7,590.5
2011-01-20 22:00:00,2.0,8.1,364.6
2011-01-20 23:00:00,1.8,5.7,291.0
2011-01-21 00:00:00,1.8,5.7,291.0
2011-01-21 01:00:00,1.7,6.4,306.8
2011-01-21 02:00:00,1.3,5.3,221.7
2011-01-21 03:00:00,1.5,5.4,260.6
2011-01-21 04:00:00,1.8,7.0,310.0
2011-01-21 05:00:00,2.3,7.1,378.2
2011-01-21 06:00:00,2.7,9.8,523.6
2011-01-21 07:00:00,3.4,14.0,626.6
2011-01-21 08:00:00,4.7,20.4,840.5
2011-01-21 09:00:00,6.1,31.3,1006.5
2011-01-21 10:00:00,4.9,19.7,837.3
2011-01-21 11:00:00,5.1,21.7,844.1
2011-01-21 12:00:00,5.2,22.2,841.3
2011-01-21 13:00:00,5.4,22.1,855.5
2011-01-21 14:00:00,3.2,13.6,527.4
2011-01-21 15:00:00,4.5,16.0,646.9
2011-01-21 16:00:00,5.3,23.1,861.2
2011-01-21 17:00:00,4.2,18.5,675.4
2011-01-21 18:00:00,4.3,20.6,821.6
2011-01-21 19:00:00,4.4,21.6,881.7
2011-01-21 20:00:00,7.7,36.3,1127.0
2011-01-21 21:00:00,8.9,39.6,1239.8
2011-01-21 22:00:00,5.3,22.3,932.5
2011-01-21 23:00:00,4.7,20.5,801.5
2011-01-22 00:00:00,4.7,18.6,738.6
2011-01-22 01:00:00,4.0,16.2,667.1
2011-01-22 02:00:00,3.7,15.5,633.8
2011-01-22 03:00:00,3.6,14.7,615.1
2011-01-22 04:00:00,2.6,10.0,463.9
2011-01-22 05:00:00,3.1,12.0,575.8
2011-01-22 06:00:00,3.3,11.4,593.1
2011-01-22 07:00:00,3.4,14.0,591.9
2011-01-22 08:00:00,3.6,15.8,661.3
2011-01-22 09:00:00,3.8,16.0,733.5
2011-01-22 10:00:00,4.5,19.3,827.9
2011-01-22 11:00:00,4.5,17.5,759.4
2011-01-22 12:00:00,3.7,16.4,692.5
2011-01-22 13:00:00,3.4,14.1,513.2
2011-01-22 14:00:00,3.6,16.2,625.0
2011-01-22 15:00:00,1.8,6.6,284.5
2011-01-22 16:00:00,1.6,7.0,279.6
2011-01-22 17:00:00,1.8,8.4,342.9
2011-01-22 18:00:00,1.9,8.2,413.4
2011-01-22 19:00:00,3.1,13.3,521.9
2011-01-22 20:00:00,3.4,14.4,539.8
2011-01-22 21:00:00,4.0,19.3,689.1
2011-01-22 22:00:00,4.2,19.2,681.5
2011-01-22 23:00:00,3.4,15.2,557.9
2011-01-23 00:00:00,2.7,10.2,473.2
2011-01-23 01:00:00,2.1,7.2,380.9
2011-01-23 02:00:00,1.8,6.6,343.7
2011-01-23 03:00:00,1.8,6.3,332.4
2011-01-23 04:00:00,1.3,4.7,284.2
2011-01-23 05:00:00,1.3,3.0,198.1
2011-01-23 06:00:00,1.3,1.9,198.5
2011-01-23 07:00:00,1.3,1.8,191.9
2011-01-23 08:00:00,1.2,2.5,189.2
2011-01-23 09:00:00,1.4,5.3,253.9
2011-01-23 10:00:00,1.8,5.7,336.2
2011-01-23 11:00:00,1.7,6.4,329.9
2011-01-23 12:00:00,2.4,9.8,433.4
2011-01-23 13:00:00,2.4,10.8,436.9
2011-01-23 14:00:00,2.1,9.4,414.9
2011-01-23 15:00:00,2.4,10.4,458.7
2011-01-23 16:00:00,1.8,5.9,236.7
2011-01-23 17:00:00,1.7,4.0,171.9
2011-01-23 18:00:00,1.8,4.7,197.4
2011-01-23 19:00:00,2.1,7.9,269.0
2011-01-23 20:00:00,2.2,9.1,314.5
2011-01-23 21:00:00,1.8,3.9,190.2
2011-01-23 22:00:00,1.4,4.3,171.9
2011-01-23 23:00:00,1.7,5.6,232.2
2011-01-24 00:00:00,1.4,4.1,186.4
2011-01-24 01:00:00,1.5,4.9,210.7
2011-01-24 02:00:00,2.4,8.0,335.9
2011-01-24 03:00:00,0.8,2.1,84.3
2011-01-24 04:00:00,0.6,0.7,71.3
2011-01-24 05:00:00,0.6,0.7,76.1
2011-01-24 06:00:00,0.6,1.0,87.9
2011-01-24 07:00:00,1.1,3.1,208.7
2011-01-24 08:00:00,2.7,11.5,426.8
2011-01-24 09:00:00,2.3,10.2,411.0
2011-01-24 10:00:00,1.5,6.0,220.0
2011-01-24 11:00:00,1.5,6.0,264.8
2011-01-24 12:00:00,1.4,6.2,249.5
2011-01-24 13:00:00,1.7,6.1,268.3
2011-01-24 14:00:00,1.2,4.9,233.8
2011-01-24 15:00:00,1.7,7.9,323.4
2011-01-24 16:00:00,1.5,6.5,276.4
2011-01-24 17:00:00,1.8,8.3,313.5
2011-01-24 18:00:00,2.0,8.8,393.2
2011-01-24 19:00:00,1.7,7.9,305.5
2011-01-24 20:00:00,1.7,8.2,294.7
2011-01-24 21:00:00,0.7,2.8,112.4
2011-01-24 22:00:00,0.7,2.1,92.4
2011-01-24 23:00:00,0.8,1.6,84.0
2011-01-25 00:00:00,0.6,1.2,81.0
2011-01-25 01:00:00,0.6,0.6,74.3
2011-01-25 02:00:00,0.6,0.3,74.3
2011-01-25 03:00:00,0.3,0.3,62.2
2011-01-25 04:00:00,0.3,0.3,62.2
2011-01-25 05:00:00,0.2,0.3,52.7
2011-01-25 06:00:00,0.3,0.3,67.5
2011-01-25 07:00:00,0.5,0.5,58.2
2011-01-25 08:00:00,0.9,3.0,83.2
2011-01-25 09:00:00,1.7,6.0,201.7
2011-01-25 10:00:00,1.3,5.0,214.1
2011-01-25 11:00:00,1.0,4.1,181.9
2011-01-25 12:00:00,1.0,3.4,111.7
2011-01-25 13:00:00,0.9,3.0,109.3
2011-01-25 14:00:00,1.1,4.4,127.3
2011-01-25 15:00:00,0.8,4.1,98.4
2011-01-25 16:00:00,0.7,3.7,101.2
2011-01-25 17:00:00,0.7,3.1,104.9
2011-01-25 18:00:00,1.2,4.0,200.5
2011-01-25 19:00:00,1.5,6.1,246.8
2011-01-25 20:00:00,1.7,6.4,255.7
2011-01-25 21:00:00,0.9,2.3,85.3
2011-01-25 22:00:00,0.6,2.2,91.0
2011-01-25 23:00:00,0.8,1.5,71.1
2011-01-26 00:00:00,0.7,1.2,65.0
2011-01-26 01:00:00,0.6,1.1,63.5
2011-01-26 02:00:00,0.5,0.3,56.0
2011-01-26 03:00:00,0.3,0.3,56.0
2011-01-26 04:00:00,0.8,0.3,39.5
2011-01-26 05:00:00,0.8,0.3,257.9
2011-01-26 06:00:00,0.5,0.3,54.1
2011-01-26 07:00:00,0.7,0.7,62.8
2011-01-26 08:00:00,0.9,2.9,83.2
2011-01-26 09:00:00,1.6,3.7,167.8
2011-01-26 10:00:00,0.9,2.5,80.9
2011-01-26 11:00:00,0.9,2.9,82.6
2011-01-26 12:00:00,0.8,2.4,80.9
2011-01-26 13:00:00,0.8,3.3,89.1
2011-01-26 14:00:00,1.2,5.5,120.5
2011-01-26 15:00:00,0.9,3.1,108.8
2011-01-26 16:00:00,1.4,4.7,196.1
2011-01-26 17:00:00,0.9,4.5,141.7
2011-01-26 18:00:00,2.3,9.3,373.2
2011-01-26 19:00:00,2.1,7.7,386.3
2011-01-26 20:00:00,2.0,8.6,326.6
2011-01-26 21:00:00,1.2,5.5,253.3
2011-01-26 22:00:00,1.0,2.5,91.5
2011-01-26 23:00:00,0.8,2.5,90.5
2011-01-27 00:00:00,1.0,3.1,93.3
2011-01-27 01:00:00,0.8,1.9,80.3
2011-01-27 02:00:00,1.0,2.7,93.3
2011-01-27 03:00:00,0.6,0.6,70.1
2011-01-27 04:00:00,0.6,0.5,58.2
2011-01-27 05:00:00,0.5,0.3,55.0
2011-01-27 06:00:00,0.6,0.7,62.8
2011-01-27 07:00:00,0.8,1.3,89.5
2011-01-27 08:00:00,2.0,7.7,315.9
2011-01-27 09:00:00,2.1,7.3,376.4
2011-01-27 10:00:00,1.5,4.7,257.1
2011-01-27 11:00:00,1.5,3.9,229.3
2011-01-27 12:00:00,1.0,2.6,104.1
2011-01-27 13:00:00,1.2,4.5,127.3
2011-01-27 14:00:00,1.8,3.7,230.5
2011-01-27 15:00:00,1.7,4.3,232.3
2011-01-27 16:00:00,1.3,4.1,110.7
2011-01-27 17:00:00,1.9,4.7,268.0
2011-01-27 18:00:00,1.9,7.0,295.8
2011-01-27 19:00:00,2.4,9.3,401.5
2011-01-27 20:00:00,2.7,11.0,470.8
2011-01-27 21:00:00,1.7,6.6,265.8
2011-01-27 22:00:00,1.3,4.3,171.4
2011-01-27 23:00:00,1.6,3.3,211.9
2011-01-28 00:00:00,1.4,2.8,203.7
2011-01-28 01:00:00,0.9,2.2,90.2
2011-01-28 02:00:00,0.7,2.2,82.7
2011-01-28 03:00:00,0.8,1.3,77.2
2011-01-28 04:00:00,0.8,1.5,74.7
2011-01-28 05:00:00,0.8,0.6,66.3
2011-01-28 06:00:00,0.7,1.2,74.7
2011-01-28 07:00:00,0.7,1.6,76.6
2011-01-28 08:00:00,1.7,6.2,267.8
2011-01-28 09:00:00,2.2,8.2,308.2
2011-01-28 10:00:00,1.8,7.0,277.6
2011-01-28 11:00:00,1.2,5.5,235.4
2011-01-28 12:00:00,1.4,4.9,254.8
2011-01-28 13:00:00,1.7,5.1,227.6
2011-01-28 14:00:00,2.1,8.0,312.0
2011-01-28 15:00:00,1.4,5.0,141.3
2011-01-28 16:00:00,1.1,3.7,99.2
2011-01-28 17:00:00,1.5,0.2,99.0
2011-01-28 18:00:00,2.5,0.2,288.5
2011-01-28 19:00:00,1.8,0.2,305.8
2011-01-28 20:00:00,1.7,0.2,151.0
2011-01-28 21:00:00,1.7,0.2,165.9
2011-01-28 22:00:00,1.4,0.2,147.6
2011-01-28 23:00:00,1.5,0.2,123.2
2011-01-29 00:00:00,1.6,0.2,252.6
2011-01-29 01:00:00,2.1,0.2,236.1
2011-01-29 02:00:00,0.8,0.9,70.2
2011-01-29 03:00:00,0.6,0.7,60.7
2011-01-29 04:00:00,0.6,0.6,59.6
2011-01-29 05:00:00,0.6,0.5,58.2
2011-01-29 06:00:00,0.6,0.7,59.6
2011-01-29 07:00:00,0.8,0.9,70.2
2011-01-29 08:00:00,0.9,2.1,83.2
2011-01-29 09:00:00,0.9,2.6,83.2
2011-01-29 10:00:00,1.1,3.2,96.3
2011-01-29 11:00:00,0.9,2.9,83.2
2011-01-29 12:00:00,0.8,1.9,80.3
2011-01-29 13:00:00,1.1,2.6,93.3
2011-01-29 14:00:00,1.1,3.6,93.3
2011-01-29 15:00:00,0.7,2.0,79.8
2011-01-29 16:00:00,0.9,2.6,83.2
2011-01-29 17:00:00,1.1,2.7,88.1
2011-01-29 18:00:00,1.0,3.0,93.3
2011-01-29 19:00:00,1.0,2.4,93.3
2011-01-29 20:00:00,1.1,3.3,97.5
2011-01-29 21:00:00,0.9,2.7,93.3
2011-01-29 22:00:00,0.8,2.1,73.4
2011-01-29 23:00:00,0.8,1.9,73.4
2011-01-30 00:00:00,0.9,2.2,93.3
2011-01-30 01:00:00,1.0,1.8,85.2
2011-01-30 02:00:00,0.7,1.5,67.8
2011-01-30 03:00:00,0.9,2.7,83.2
2011-01-30 04:00:00,0.8,1.7,77.2
2011-01-30 05:00:00,0.6,0.5,58.7
2011-01-30 06:00:00,0.6,0.6,60.7
2011-01-30 07:00:00,0.5,0.5,58.7
2011-01-30 08:00:00,0.6,0.7,60.1
2011-01-30 09:00:00,0.8,0.7,76.0
2011-01-30 10:00:00,0.8,1.5,76.0
2011-01-30 11:00:00,0.7,1.9,95.8
2011-01-30 12:00:00,0.9,2.2,102.9
2011-01-30 13:00:00,0.8,2.0,89.4
2011-01-30 14:00:00,1.0,1.4,96.4
2011-01-30 15:00:00,0.9,1.9,96.8
2011-01-30 16:00:00,1.0,1.5,96.4
2011-01-30 17:00:00,1.2,2.3,132.6
2011-01-30 18:00:00,1.0,1.7,116.5
2011-01-30 19:00:00,1.1,3.2,122.5
2011-01-30 20:00:00,1.8,4.4,259.3
2011-01-30 21:00:00,1.6,3.6,174.3
2011-01-30 22:00:00,0.8,2.4,93.8
2011-01-30 23:00:00,0.9,2.7,96.3
2011-01-31 00:00:00,1.7,4.0,214.5
2011-01-31 01:00:00,1.0,2.6,93.3
2011-01-31 02:00:00,0.7,1.0,71.5
2011-01-31 03:00:00,0.6,0.7,59.6
2011-01-31 04:00:00,0.5,0.5,58.2
2011-01-31 05:00:00,0.5,0.4,44.9
2011-01-31 06:00:00,0.5,0.4,58.2
2011-01-31 07:00:00,0.8,1.1,77.2
2011-01-31 08:00:00,2.0,6.8,327.6
2011-01-31 09:00:00,3.8,16.2,554.6
2011-01-31 10:00:00,3.7,15.5,538.5
2011-01-31 11:00:00,2.7,11.7,486.2
2011-01-31 12:00:00,3.1,13.6,510.8
2011-01-31 13:00:00,2.7,11.3,465.9
2011-01-31 14:00:00,2.8,12.5,472.5
2011-01-31 15:00:00,3.5,16.3,580.7
2011-01-31 16:00:00,3.3,14.6,501.9
2011-01-31 17:00:00,4.4,22.9,748.6
2011-01-31 18:00:00,6.1,26.4,869.6
2011-01-31 19:00:00,6.4,27.6,967.0
2011-01-31 20:00:00,6.0,32.2,989.3
2011-01-31 21:00:00,3.5,14.7,518.3
2011-01-31 22:00:00,2.3,7.4,396.7
2011-01-31 23:00:00,2.0,6.6,381.1
2011-02-01 00:00:00,1.9,5.7,327.6
2011-02-01 01:00:00,1.6,4.7,296.8
2011-02-01 02:00:00,1.4,5.1,293.8
2011-02-01 03:00:00,1.0,3.5,265.8
2011-02-01 04:00:00,1.5,4.2,271.6
2011-02-01 05:00:00,1.9,4.6,338.8
2011-02-01 06:00:00,1.7,5.2,287.6
2011-02-01 07:00:00,2.2,8.7,410.8
2011-02-01 08:00:00,5.2,23.1,861.5
2011-02-01 09:00:00,5.2,25.2,960.6
2011-02-01 10:00:00,4.4,21.0,847.5
2011-02-01 11:00:00,5.6,25.0,931.8
2011-02-01 12:00:00,4.9,20.5,846.6
2011-02-01 13:00:00,4.5,16.7,719.6
2011-02-01 14:00:00,5.0,21.2,840.0
2011-02-01 15:00:00,4.4,18.4,811.1
2011-02-01 16:00:00,3.4,13.8,501.6
2011-02-01 17:00:00,4.3,17.2,747.6
2011-02-01 18:00:00,3.1,13.0,552.6
2011-02-01 19:00:00,3.6,16.8,646.3
2011-02-01 20:00:00,3.0,13.3,521.9
2011-02-01 21:00:00,2.3,10.8,469.6
2011-02-01 22:00:00,1.8,7.4,359.3
2011-02-01 23:00:00,1.8,5.0,324.6
2011-02-02 00:00:00,1.4,5.0,295.6
2011-02-02 01:00:00,1.8,4.9,300.9
2011-02-02 02:00:00,1.9,7.1,352.1
2011-02-02 03:00:00,1.8,7.1,372.9
2011-02-02 04:00:00,1.5,5.5,301.2
2011-02-02 05:00:00,1.8,4.0,270.5
2011-02-02 06:00:00,1.7,4.2,266.4
2011-02-02 07:00:00,1.5,5.6,292.3
2011-02-02 08:00:00,4.1,16.5,644.0
2011-02-02 09:00:00,5.8,30.7,950.7
2011-02-02 10:00:00,4.1,22.2,833.5
2011-02-02 11:00:00,3.6,15.9,586.8
2011-02-02 12:00:00,3.9,16.9,640.1
2011-02-02 13:00:00,2.5,10.5,428.2
2011-02-02 14:00:00,2.7,12.2,469.5
2011-02-02 15:00:00,1.8,7.3,349.7
2011-02-02 16:00:00,2.1,8.7,417.6
2011-02-02 17:00:00,3.2,14.6,540.2
2011-02-02 18:00:00,4.0,19.5,674.3
2011-02-02 19:00:00,5.3,25.2,854.1
2011-02-02 20:00:00,6.4,30.1,968.7
2011-02-02 21:00:00,4.1,18.5,709.9
2011-02-02 22:00:00,2.3,6.9,396.7
2011-02-02 23:00:00,2.4,7.8,408.7
2011-02-03 00:00:00,1.9,7.3,323.8
2011-02-03 01:00:00,2.0,6.7,351.6
2011-02-03 02:00:00,1.2,3.5,284.5
2011-02-03 03:00:00,1.0,3.2,281.3
2011-02-03 04:00:00,1.1,2.9,273.4
2011-02-03 05:00:00,0.8,2.9,262.6
2011-02-03 06:00:00,0.9,3.2,278.3
2011-02-03 07:00:00,1.2,4.2,284.5
2011-02-03 08:00:00,4.3,19.8,715.9
2011-02-03 09:00:00,5.4,28.6,974.0
2011-02-03 10:00:00,4.2,25.1,851.9
2011-02-03 11:00:00,3.4,14.7,610.4
2011-02-03 12:00:00,2.6,11.0,512.9
2011-02-03 13:00:00,3.6,14.4,626.0
2011-02-03 14:00:00,3.4,13.6,573.5
2011-02-03 15:00:00,2.7,11.1,417.3
2011-02-03 16:00:00,3.0,12.4,482.8
2011-02-03 17:00:00,3.9,16.8,711.2
2011-02-03 18:00:00,8.6,35.2,1078.9
2011-02-03 19:00:00,7.4,34.1,1130.0
2011-02-03 20:00:00,4.4,15.9,729.0
2011-02-03 21:00:00,3.3,12.9,493.0
2011-02-03 22:00:00,4.1,16.2,677.9
2011-02-03 23:00:00,2.5,8.0,448.9
2011-02-04 00:00:00,1.9,6.9,292.0
2011-02-04 01:00:00,1.8,5.1,256.0
2011-02-04 02:00:00,1.1,3.5,204.0
2011-02-04 03:00:00,1.3,5.0,239.7
2011-02-04 04:00:00,1.2,3.3,181.8
2011-02-04 05:00:00,1.0,2.9,164.1
2011-02-04 06:00:00,1.4,4.9,234.5
2011-02-04 07:00:00,2.0,7.2,358.0
2011-02-04 08:00:00,4.0,20.6,808.8
2011-02-04 09:00:00,4.1,21.3,775.5
2011-02-04 10:00:00,3.6,16.6,759.3
2011-02-04 11:00:00,3.7,15.1,595.0
2011-02-04 12:00:00,1.9,6.9,347.8
2011-02-04 13:00:00,1.5,6.4,276.2
2011-02-04 14:00:00,2.3,9.0,373.9
2011-02-04 15:00:00,1.9,7.5,320.7
2011-02-04 16:00:00,1.4,5.9,286.1
2011-02-04 17:00:00,2.0,8.7,411.9
2011-02-04 18:00:00,2.3,11.2,463.1
2011-02-04 19:00:00,2.7,12.9,484.3
2011-02-04 20:00:00,2.4,10.4,445.6
2011-02-04 21:00:00,2.4,11.2,470.8
2011-02-04 22:00:00,1.6,6.2,354.3
2011-02-04 23:00:00,1.1,5.2,254.8
2011-02-05 00:00:00,1.5,5.1,295.1
2011-02-05 01:00:00,1.5,5.4,303.5
2011-02-05 02:00:00,1.5,5.6,311.9
2011-02-05 03:00:00,1.8,7.3,373.3
2011-02-05 04:00:00,1.6,6.1,344.2
2011-02-05 05:00:00,1.3,5.1,259.1
2011-02-05 06:00:00,1.6,5.1,308.6
2011-02-05 07:00:00,2.0,8.4,387.2
2011-02-05 08:00:00,3.1,14.3,542.4
2011-02-05 09:00:00,2.4,11.3,495.7
2011-02-05 10:00:00,1.4,5.5,251.4
2011-02-05 11:00:00,1.5,3.6,229.4
2011-02-05 12:00:00,1.0,3.4,113.2
2011-02-05 13:00:00,1.7,5.0,197.4
2011-02-05 14:00:00,1.3,4.1,116.3
2011-02-05 15:00:00,1.3,3.7,128.7
2011-02-05 16:00:00,1.0,3.3,110.9
2011-02-05 17:00:00,1.1,3.6,112.3
2011-02-05 18:00:00,1.7,3.9,230.5
2011-02-05 19:00:00,1.9,6.9,293.4
2011-02-05 20:00:00,1.4,4.7,248.8
2011-02-05 21:00:00,1.6,6.3,272.8
2011-02-05 22:00:00,1.4,3.2,234.5
2011-02-05 23:00:00,1.5,5.1,241.1
2011-02-06 00:00:00,1.5,5.3,232.2
2011-02-06 01:00:00,1.5,5.5,237.7
2011-02-06 02:00:00,1.7,6.0,279.1
2011-02-06 03:00:00,1.2,3.1,238.3
2011-02-06 04:00:00,1.0,2.6,211.5
2011-02-06 05:00:00,1.2,2.2,191.9
2011-02-06 06:00:00,1.4,1.5,198.8
2011-02-06 07:00:00,1.2,1.3,191.9
2011-02-06 08:00:00,1.3,0.8,198.8
2011-02-06 09:00:00,1.4,2.1,203.7
2011-02-06 10:00:00,1.6,4.9,236.9
2011-02-06 11:00:00,2.0,6.0,330.2
2011-02-06 12:00:00,1.8,4.1,258.9
2011-02-06 13:00:00,1.4,3.4,129.5
2011-02-06 14:00:00,1.1,2.6,102.5
2011-02-06 15:00:00,0.9,2.0,96.4
2011-02-06 16:00:00,1.1,2.3,110.4
2011-02-06 17:00:00,1.4,3.4,136.8
2011-02-06 18:00:00,1.1,2.5,112.3
2011-02-06 19:00:00,1.5,5.3,242.6
2011-02-06 20:00:00,1.7,5.4,259.6
2011-02-06 21:00:00,1.6,3.3,230.9
2011-02-06 22:00:00,1.1,2.2,109.4
2011-02-06 23:00:00,0.9,2.4,99.2
2011-02-07 00:00:00,0.8,2.0,96.3
2011-02-07 01:00:00,0.9,2.2,89.5
2011-02-07 02:00:00,0.8,1.7,80.3
2011-02-07 03:00:00,0.8,0.8,77.2
2011-02-07 04:00:00,0.8,0.7,77.2
2011-02-07 05:00:00,0.6,0.7,74.7
2011-02-07 06:00:00,1.0,1.7,101.4
2011-02-07 07:00:00,1.4,2.9,216.7
2011-02-07 08:00:00,2.7,9.8,431.4
2011-02-07 09:00:00,2.9,11.9,516.9
2011-02-07 10:00:00,2.4,8.9,409.4
2011-02-07 11:00:00,2.1,7.3,369.1
2011-02-07 12:00:00,1.7,5.7,281.8
2011-02-07 13:00:00,2.1,6.9,311.2
2011-02-07 14:00:00,1.5,4.7,155.0
2011-02-07 15:00:00,1.7,5.3,176.7
2011-02-07 16:00:00,2.1,4.7,270.6
2011-02-07 17:00:00,2.2,8.4,338.0
2011-02-07 18:00:00,2.3,8.3,376.4
2011-02-07 19:00:00,2.2,7.7,385.2
2011-02-07 20:00:00,1.9,6.6,345.3
2011-02-07 21:00:00,1.5,4.0,243.7
2011-02-07 22:00:00,1.2,3.1,114.1
2011-02-07 23:00:00,1.2,2.5,112.3
2011-02-08 00:00:00,1.0,2.0,109.4
2011-02-08 01:00:00,0.8,1.3,93.2
2011-02-08 02:00:00,0.7,0.7,77.3
2011-02-08 03:00:00,0.8,0.6,74.4
2011-02-08 04:00:00,0.8,0.8,80.1
2011-02-08 05:00:00,1.0,1.1,90.9
2011-02-08 06:00:00,1.5,2.2,219.4
2011-02-08 07:00:00,1.3,3.3,236.4
2011-02-08 08:00:00,2.5,9.8,476.3
2011-02-08 09:00:00,3.3,15.3,604.7
2011-02-08 10:00:00,2.5,7.9,410.5
2011-02-08 11:00:00,1.6,6.3,349.7
2011-02-08 12:00:00,2.4,8.6,411.6
2011-02-08 13:00:00,2.0,6.5,342.7
2011-02-08 14:00:00,2.3,8.4,422.6
2011-02-08 15:00:00,1.6,4.4,218.9
2011-02-08 16:00:00,1.3,4.1,143.3
2011-02-08 17:00:00,2.0,0.2,352.7
2011-02-08 18:00:00,1.8,0.2,156.4
2011-02-08 19:00:00,1.7,0.2,147.8
2011-02-08 20:00:00,1.7,0.2,115.7
2011-02-08 21:00:00,2.0,0.2,287.0
2011-02-08 22:00:00,1.8,0.2,175.7
2011-02-08 23:00:00,1.4,0.2,126.6
2011-02-09 00:00:00,1.1,0.3,152.0
2011-02-09 01:00:00,2.0,0.3,227.8
2011-02-09 02:00:00,1.8,0.3,232.8
2011-02-09 03:00:00,1.7,0.3,177.6
2011-02-09 04:00:00,1.8,0.3,220.3
2011-02-09 05:00:00,2.1,0.3,376.9
2011-02-09 06:00:00,1.8,0.3,233.6
2011-02-09 07:00:00,1.4,0.4,203.0
2011-02-09 08:00:00,2.2,0.3,257.2
2011-02-09 09:00:00,2.5,0.3,297.8
2011-02-09 10:00:00,3.5,0.2,289.5
2011-02-09 11:00:00,2.1,0.2,151.9
2011-02-09 12:00:00,2.6,0.2,431.3
2011-02-09 13:00:00,1.8,0.2,147.3
2011-02-09 14:00:00,2.3,0.2,124.4
2011-02-09 15:00:00,2.3,0.2,117.0
2011-02-09 16:00:00,2.1,0.2,139.8
2011-02-09 17:00:00,1.6,0.2,108.3
2011-02-09 18:00:00,2.1,0.2,269.8
2011-02-09 19:00:00,2.9,0.2,577.9
2011-02-09 20:00:00,2.7,0.2,307.9
2011-02-09 21:00:00,1.7,0.2,110.5
2011-02-09 22:00:00,1.3,0.2,37.1
2011-02-09 23:00:00,2.0,0.2,186.3
2011-02-10 00:00:00,3.3,0.3,587.5
2011-02-10 01:00:00,2.4,0.3,494.4
2011-02-10 02:00:00,1.6,0.3,238.5
2011-02-10 03:00:00,2.0,0.3,228.5
2011-02-10 04:00:00,1.5,0.3,228.7
2011-02-10 05:00:00,1.6,0.3,231.5
2011-02-10 06:00:00,0.9,0.3,140.6
2011-02-10 07:00:00,2.1,0.3,252.7
2011-02-10 08:00:00,2.1,0.3,228.7
2011-02-10 09:00:00,2.0,0.2,220.6
2011-02-10 10:00:00,2.3,0.2,160.5
2011-02-10 11:00:00,2.8,0.2,309.4
2011-02-10 12:00:00,2.5,0.2,266.8
2011-02-10 13:00:00,2.4,0.2,254.0
2011-02-10 14:00:00,2.0,0.2,175.7
2011-02-10 15:00:00,1.5,0.2,122.2
2011-02-10 16:00:00,2.2,0.2,198.0
2011-02-10 17:00:00,1.6,0.2,114.7
2011-02-10 18:00:00,2.6,0.2,221.4
2011-02-10 19:00:00,1.2,0.2,94.8
2011-02-10 20:00:00,1.8,0.2,143.0
2011-02-10 21:00:00,2.1,0.2,220.7
2011-02-10 22:00:00,3.3,0.2,644.5
2011-02-10 23:00:00,3.5,0.2,545.8
2011-02-11 00:00:00,2.6,0.3,449.0
2011-02-11 01:00:00,2.8,0.3,632.2
2011-02-11 02:00:00,2.1,0.3,278.1
2011-02-11 03:00:00,1.9,0.3,241.0
2011-02-11 04:00:00,2.6,0.4,243.8
2011-02-11 05:00:00,1.4,0.4,233.6
2011-02-11 06:00:00,1.3,0.3,191.9
2011-02-11 07:00:00,1.4,0.4,208.2
2011-02-11 08:00:00,2.2,0.3,309.2
2011-02-11 09:00:00,1.7,0.3,271.9
2011-02-11 10:00:00,2.6,0.2,425.7
2011-02-11 11:00:00,3.0,0.2,296.2
2011-02-11 12:00:00,2.8,0.2,396.9
2011-02-11 13:00:00,4.2,0.2,188.0
2011-02-11 14:00:00,1.5,0.2,86.7
2011-02-11 15:00:00,1.8,0.2,261.4
2011-02-11 16:00:00,2.7,0.2,272.6
2011-02-11 17:00:00,1.8,0.2,114.7
2011-02-11 18:00:00,1.6,0.2,166.8
2011-02-11 19:00:00,1.4,0.2,99.8
2011-02-11 20:00:00,2.9,0.2,309.5
2011-02-11 21:00:00,4.9,18.7,840.9
2011-02-11 22:00:00,4.4,14.7,612.4
2011-02-11 23:00:00,4.3,14.5,673.9
2011-02-12 00:00:00,4.4,15.5,682.2
2011-02-12 01:00:00,4.1,14.6,675.6
2011-02-12 02:00:00,2.9,9.8,514.5
2011-02-12 03:00:00,2.3,7.4,415.0
2011-02-12 04:00:00,2.0,6.0,350.4
2011-02-12 05:00:00,2.3,7.1,357.1
2011-02-12 06:00:00,2.3,8.7,409.3
2011-02-12 07:00:00,2.8,8.6,516.2
2011-02-12 08:00:00,3.3,13.3,527.5
2011-02-12 09:00:00,3.3,14.1,583.9
2011-02-12 10:00:00,3.7,14.8,678.6
2011-02-12 11:00:00,4.1,18.3,821.4
2011-02-12 12:00:00,4.7,19.8,848.4
2011-02-12 13:00:00,5.2,21.2,820.6
2011-02-12 14:00:00,4.7,21.3,844.9
2011-02-12 15:00:00,4.5,19.8,832.6
2011-02-12 16:00:00,4.2,17.0,722.0
2011-02-12 17:00:00,4.5,18.2,755.4
2011-02-12 18:00:00,6.0,25.6,1059.0
2011-02-12 19:00:00,6.4,24.4,1089.6
2011-02-12 20:00:00,7.0,26.9,998.8
2011-02-12 21:00:00,5.9,28.1,1094.2
2011-02-12 22:00:00,5.8,28.3,979.5
2011-02-12 23:00:00,5.4,27.8,948.5
2011-02-13 00:00:00,5.8,27.5,974.8
2011-02-13 01:00:00,5.8,23.7,974.1
2011-02-13 02:00:00,4.2,14.0,583.1
2011-02-13 03:00:00,3.1,12.1,628.2
2011-02-13 04:00:00,4.0,15.0,697.4
2011-02-13 05:00:00,3.1,10.9,591.6
2011-02-13 06:00:00,3.0,11.0,605.5
2011-02-13 07:00:00,3.1,10.7,542.0
2011-02-13 08:00:00,3.6,12.8,707.1
2011-02-13 09:00:00,4.0,16.6,755.2
2011-02-13 10:00:00,4.1,15.8,711.0
2011-02-13 11:00:00,2.9,11.5,494.3
2011-02-13 12:00:00,1.8,6.5,266.8
2011-02-13 13:00:00,1.8,4.6,231.3
2011-02-13 14:00:00,1.9,7.1,268.0
2011-02-13 15:00:00,2.3,9.3,318.7
2011-02-13 16:00:00,1.6,5.0,164.5
2011-02-13 17:00:00,1.5,4.8,146.3
2011-02-13 18:00:00,2.4,10.5,320.5
2011-02-13 19:00:00,2.5,10.7,322.2
2011-02-13 20:00:00,2.1,8.2,290.4
2011-02-13 21:00:00,1.4,4.4,166.0
2011-02-13 22:00:00,1.7,4.8,227.0
2011-02-13 23:00:00,2.0,6.8,279.4
2011-02-14 00:00:00,1.7,6.3,224.4
2011-02-14 01:00:00,2.0,5.9,263.7
2011-02-14 02:00:00,1.6,4.0,203.4
2011-02-14 03:00:00,1.0,3.4,144.8
2011-02-14 04:00:00,0.7,1.6,78.1
2011-02-14 05:00:00,0.8,1.5,63.9
2011-02-14 06:00:00,1.3,2.3,147.4
2011-02-14 07:00:00,0.5,2.5,103.4
2011-02-14 08:00:00,2.7,11.3,438.0
2011-02-14 09:00:00,2.6,10.8,440.3
2011-02-14 10:00:00,2.8,12.1,478.0
2011-02-14 11:00:00,4.5,26.6,868.6
2011-02-14 12:00:00,1.7,7.4,289.6
2011-02-14 13:00:00,1.5,6.8,194.7
2011-02-14 14:00:00,1.6,6.7,276.3
2011-02-14 15:00:00,1.7,6.6,286.6
2011-02-14 16:00:00,1.3,4.6,155.1
2011-02-14 17:00:00,1.8,5.7,279.7
2011-02-14 18:00:00,2.6,10.4,467.5
2011-02-14 19:00:00,3.8,16.4,621.2
2011-02-14 20:00:00,2.7,13.3,506.2
2011-02-14 21:00:00,2.4,11.2,445.7
2011-02-14 22:00:00,1.9,7.1,321.3
2011-02-14 23:00:00,2.0,7.7,301.0
2011-02-15 00:00:00,1.3,3.6,137.0
2011-02-15 01:00:00,1.0,2.0,99.3
2011-02-15 02:00:00,0.7,1.6,81.0
2011-02-15 03:00:00,0.8,0.8,83.5
2011-02-15 04:00:00,0.6,0.5,74.3
2011-02-15 05:00:00,0.5,0.3,74.3
2011-02-15 06:00:00,0.8,1.5,86.3
2011-02-15 07:00:00,1.0,3.0,109.3
2011-02-15 08:00:00,1.8,6.4,304.9
2011-02-15 09:00:00,2.0,7.5,364.3
2011-02-15 10:00:00,1.7,4.8,259.1
2011-02-15 11:00:00,1.3,3.7,137.0
2011-02-15 12:00:00,1.3,4.4,143.7
2011-02-15 13:00:00,1.8,5.4,224.7
2011-02-15 14:00:00,1.2,4.4,143.1
2011-02-15 15:00:00,1.1,3.0,120.8
2011-02-15 16:00:00,1.4,4.5,146.7
2011-02-15 17:00:00,1.7,6.2,288.3
2011-02-15 18:00:00,2.6,11.7,473.1
2011-02-15 19:00:00,3.6,16.3,570.8
2011-02-15 20:00:00,3.4,14.4,546.6
2011-02-15 21:00:00,2.8,10.2,466.1
2011-02-15 22:00:00,2.2,7.7,395.2
2011-02-15 23:00:00,2.7,10.3,462.9
2011-02-16 00:00:00,2.8,9.8,442.0
2011-02-16 01:00:00,2.7,10.9,462.9
2011-02-16 02:00:00,2.4,7.6,397.4
2011-02-16 03:00:00,2.3,6.8,375.2
2011-02-16 04:00:00,1.9,5.5,292.0
2011-02-16 05:00:00,1.9,4.1,312.6
2011-02-16 06:00:00,2.0,5.8,359.5
2011-02-16 07:00:00,2.7,10.2,521.3
2011-02-16 08:00:00,3.7,18.5,754.5
2011-02-16 09:00:00,3.2,13.2,494.2
2011-02-16 10:00:00,2.2,7.8,397.8
2011-02-16 11:00:00,1.6,4.9,267.9
2011-02-16 12:00:00,1.7,4.1,257.6
2011-02-16 13:00:00,1.9,6.3,286.5
2011-02-16 14:00:00,1.9,6.7,299.4
2011-02-16 15:00:00,1.5,5.5,256.3
2011-02-16 16:00:00,1.3,4.8,254.8
2011-02-16 17:00:00,1.7,7.1,331.6
2011-02-16 18:00:00,2.3,10.6,475.4
2011-02-16 19:00:00,3.4,15.3,607.8
2011-02-16 20:00:00,5.3,25.4,825.3
2011-02-16 21:00:00,4.2,20.0,688.6
2011-02-16 22:00:00,2.9,12.4,485.7
2011-02-16 23:00:00,2.6,9.0,431.8
2011-02-17 00:00:00,2.9,11.1,451.0
2011-02-17 01:00:00,2.5,8.1,404.7
2011-02-17 02:00:00,2.0,7.2,397.1
2011-02-17 03:00:00,1.3,3.4,247.9
2011-02-17 04:00:00,0.8,2.0,209.3
2011-02-17 05:00:00,0.7,0.8,90.9
2011-02-17 06:00:00,0.7,1.2,90.9
2011-02-17 07:00:00,1.8,4.0,253.6
2011-02-17 08:00:00,2.6,11.1,444.7
2011-02-17 09:00:00,2.4,9.8,429.2
2011-02-17 10:00:00,1.7,5.8,328.2
2011-02-17 11:00:00,1.3,4.6,224.3
2011-02-17 12:00:00,1.6,3.9,237.5
2011-02-17 13:00:00,1.8,4.1,251.0
2011-02-17 14:00:00,1.8,6.8,283.7
2011-02-17 15:00:00,1.5,5.4,226.3
2011-02-17 16:00:00,1.5,5.2,210.6
2011-02-17 17:00:00,1.7,5.5,264.0
2011-02-17 18:00:00,2.5,9.1,409.2
2011-02-17 19:00:00,2.5,9.5,453.4
2011-02-17 20:00:00,2.7,11.7,474.4
2011-02-17 21:00:00,2.0,8.0,366.3
2011-02-17 22:00:00,1.6,6.0,292.1
2011-02-17 23:00:00,0.9,2.2,109.5
2011-02-18 00:00:00,1.0,3.6,112.6
2011-02-18 01:00:00,1.2,3.6,208.7
2011-02-18 02:00:00,0.8,2.2,95.3
2011-02-18 03:00:00,1.0,1.8,103.7
2011-02-18 04:00:00,0.7,0.7,83.5
2011-02-18 05:00:00,0.7,1.0,80.3
2011-02-18 06:00:00,0.9,1.3,83.5
2011-02-18 07:00:00,0.9,1.7,98.4
2011-02-18 08:00:00,2.1,7.2,413.4
2011-02-18 09:00:00,2.5,9.7,424.9
2011-02-18 10:00:00,2.2,8.2,427.4
2011-02-18 11:00:00,1.5,5.4,243.4
2011-02-18 12:00:00,1.3,5.6,238.4
2011-02-18 13:00:00,1.3,4.8,244.4
2011-02-18 14:00:00,1.8,7.5,317.3
2011-02-18 15:00:00,1.9,7.0,335.4
2011-02-18 16:00:00,2.0,8.6,355.4
2011-02-18 17:00:00,2.8,12.1,471.3
2011-02-18 18:00:00,2.9,12.7,479.6
2011-02-18 19:00:00,3.3,14.7,597.5
2011-02-18 20:00:00,3.9,17.9,638.7
2011-02-18 21:00:00,2.5,11.2,498.3
2011-02-18 22:00:00,2.3,9.0,409.7
2011-02-18 23:00:00,3.2,13.4,558.7
2011-02-19 00:00:00,2.2,8.7,439.6
2011-02-19 01:00:00,1.9,6.8,376.4
2011-02-19 02:00:00,1.5,5.0,306.1
2011-02-19 03:00:00,1.2,4.3,248.3
2011-02-19 04:00:00,0.8,2.4,211.3
2011-02-19 05:00:00,0.8,2.1,207.1
2011-02-19 06:00:00,0.8,2.9,214.5
2011-02-19 07:00:00,1.1,4.4,286.0
2011-02-19 08:00:00,2.1,8.1,415.1
2011-02-19 09:00:00,2.3,10.6,450.8
2011-02-19 10:00:00,1.8,5.7,314.0
2011-02-19 11:00:00,2.2,6.9,405.8
2011-02-19 12:00:00,2.0,6.2,376.7
2011-02-19 13:00:00,1.1,3.2,216.6
2011-02-19 14:00:00,1.5,4.5,154.0
2011-02-19 15:00:00,1.1,2.8,112.5
2011-02-19 16:00:00,1.1,3.7,112.5
2011-02-19 17:00:00,1.9,5.6,304.8
2011-02-19 18:00:00,1.9,7.8,394.2
2011-02-19 19:00:00,2.8,11.3,548.4
2011-02-19 20:00:00,3.5,14.7,636.4
2011-02-19 21:00:00,2.9,11.7,563.6
2011-02-19 22:00:00,3.2,12.8,598.0
2011-02-19 23:00:00,2.4,9.1,439.8
2011-02-20 00:00:00,2.4,7.9,432.8
2011-02-20 01:00:00,2.0,7.1,338.1
2011-02-20 02:00:00,2.6,9.7,471.2
2011-02-20 03:00:00,1.7,6.1,302.6
2011-02-20 04:00:00,1.5,5.5,260.0
2011-02-20 05:00:00,0.8,1.7,87.0
2011-02-20 06:00:00,1.0,0.9,72.6
2011-02-20 07:00:00,0.7,1.2,73.8
2011-02-20 08:00:00,0.9,1.3,73.8
2011-02-20 09:00:00,1.1,1.3,88.2
2011-02-20 10:00:00,1.0,2.0,110.7
2011-02-20 11:00:00,1.1,2.2,114.1
2011-02-20 12:00:00,1.2,2.3,111.9
2011-02-20 13:00:00,1.6,3.1,124.4
2011-02-20 14:00:00,0.9,2.1,80.2
2011-02-20 15:00:00,1.6,3.2,167.8
2011-02-20 16:00:00,1.2,2.7,117.0
2011-02-20 17:00:00,1.2,2.7,115.3
2011-02-20 18:00:00,1.4,4.2,173.9
2011-02-20 19:00:00,1.1,3.0,94.6
2011-02-20 20:00:00,1.4,4.6,185.3
2011-02-20 21:00:00,1.6,4.1,191.3
2011-02-20 22:00:00,1.0,3.1,104.2
2011-02-20 23:00:00,1.0,3.1,99.1
2011-02-21 00:00:00,1.5,3.1,134.2
2011-02-21 01:00:00,1.1,2.5,92.9
2011-02-21 02:00:00,0.7,0.8,65.8
2011-02-21 03:00:00,0.7,0.5,53.5
2011-02-21 04:00:00,0.8,0.7,49.8
2011-02-21 05:00:00,0.8,1.2,56.5
2011-02-21 06:00:00,1.0,1.6,78.3
2011-02-21 07:00:00,1.6,4.8,252.6
2011-02-21 08:00:00,2.6,10.2,453.6
2011-02-21 09:00:00,3.4,11.8,512.9
2011-02-21 10:00:00,2.7,9.2,435.8
2011-02-21 11:00:00,2.0,7.3,358.3
2011-02-21 12:00:00,1.8,5.9,257.9
2011-02-21 13:00:00,2.6,10.5,430.5
2011-02-21 14:00:00,2.0,8.4,287.1
2011-02-21 15:00:00,2.0,8.5,354.1
2011-02-21 16:00:00,2.4,10.0,387.2
2011-02-21 17:00:00,2.5,9.0,364.3
2011-02-21 18:00:00,2.7,10.4,395.6
2011-02-21 19:00:00,4.0,19.4,811.4
2011-02-21 20:00:00,4.8,23.4,768.0
2011-02-21 21:00:00,2.2,8.7,419.4
2011-02-21 22:00:00,1.2,3.8,177.2
2011-02-21 23:00:00,1.4,3.4,173.9
2011-02-22 00:00:00,0.9,2.5,119.1
2011-02-22 01:00:00,0.9,1.7,67.3
2011-02-22 02:00:00,1.0,1.3,62.5
2011-02-22 03:00:00,0.8,0.8,85.3
2011-02-22 04:00:00,0.6,0.5,73.9
2011-02-22 05:00:00,0.8,0.9,63.4
2011-02-22 06:00:00,1.4,2.7,143.0
2011-02-22 07:00:00,1.9,5.9,332.4
2011-02-22 08:00:00,4.1,19.3,799.4
2011-02-22 09:00:00,4.4,24.2,975.2
2011-02-22 10:00:00,3.7,16.9,731.6
2011-02-22 11:00:00,2.0,8.2,279.2
2011-02-22 12:00:00,2.0,7.9,386.9
2011-02-22 13:00:00,2.6,10.8,425.6
2011-02-22 14:00:00,3.3,13.0,525.4
2011-02-22 15:00:00,2.4,9.4,352.6
2011-02-22 16:00:00,2.8,12.1,456.1
2011-02-22 17:00:00,2.2,9.0,343.8
2011-02-22 18:00:00,2.3,9.2,343.5
2011-02-22 19:00:00,3.1,12.6,488.5
2011-02-22 20:00:00,2.0,7.5,262.0
2011-02-22 21:00:00,2.3,8.9,388.8
2011-02-22 22:00:00,1.1,3.9,96.9
2011-02-22 23:00:00,0.9,3.0,83.9
2011-02-23 00:00:00,1.3,4.6,155.3
2011-02-23 01:00:00,1.1,3.1,109.5
2011-02-23 02:00:00,0.8,1.9,66.5
2011-02-23 03:00:00,0.7,1.3,62.3
2011-02-23 04:00:00,0.8,1.1,88.1
2011-02-23 05:00:00,0.7,0.6,56.9
2011-02-23 06:00:00,0.7,1.2,57.4
2011-02-23 07:00:00,0.7,1.7,67.2
2011-02-23 08:00:00,2.3,8.6,298.7
2011-02-23 09:00:00,1.4,5.2,179.5
2011-02-23 10:00:00,1.2,4.4,147.9
2011-02-23 11:00:00,1.3,3.9,150.4
2011-02-23 12:00:00,1.7,3.3,175.9
2011-02-23 13:00:00,1.9,6.8,311.1
2011-02-23 14:00:00,2.3,8.8,405.7
2011-02-23 15:00:00,2.8,11.1,424.6
2011-02-23 16:00:00,2.4,9.3,378.8
2011-02-23 17:00:00,2.6,11.1,454.7
2011-02-23 18:00:00,3.4,12.9,542.0
2011-02-23 19:00:00,3.0,11.1,429.2
2011-02-23 20:00:00,3.6,11.8,494.3
2011-02-23 21:00:00,3.1,12.7,480.0
2011-02-23 22:00:00,2.3,8.4,375.5
2011-02-23 23:00:00,1.3,4.7,211.9
2011-02-24 00:00:00,1.8,5.1,223.1
2011-02-24 01:00:00,1.0,2.8,140.4
2011-02-24 02:00:00,1.1,2.5,131.2
2011-02-24 03:00:00,1.0,1.8,129.2
2011-02-24 04:00:00,0.7,1.3,63.4
2011-02-24 05:00:00,0.7,1.7,63.4
2011-02-24 06:00:00,1.4,3.0,160.4
2011-02-24 07:00:00,1.8,4.9,251.2
2011-02-24 08:00:00,3.6,13.6,543.0
2011-02-24 09:00:00,3.8,13.3,655.5
2011-02-24 10:00:00,2.4,9.2,450.7
2011-02-24 11:00:00,2.0,6.1,313.1
2011-02-24 12:00:00,1.8,6.1,277.0
2011-02-24 13:00:00,2.0,6.4,286.5
2011-02-24 14:00:00,2.1,8.3,367.9
2011-02-24 15:00:00,2.7,11.2,455.1
2011-02-24 16:00:00,3.2,13.9,595.7
2011-02-24 17:00:00,3.6,15.6,703.1
2011-02-24 18:00:00,3.9,18.1,801.7
2011-02-24 19:00:00,3.9,19.5,836.3
2011-02-24 20:00:00,3.9,17.5,762.2
2011-02-24 21:00:00,3.8,17.0,776.6
2011-02-24 22:00:00,2.4,8.8,416.3
2011-02-24 23:00:00,2.3,8.5,409.6
2011-02-25 00:00:00,2.4,8.7,440.0
2011-02-25 01:00:00,1.9,7.5,393.3
2011-02-25 02:00:00,1.7,6.2,281.2
2011-02-25 03:00:00,1.7,3.4,204.9
2011-02-25 04:00:00,1.3,4.2,178.0
2011-02-25 05:00:00,1.2,2.7,144.6
2011-02-25 06:00:00,1.2,3.5,174.4
2011-02-25 07:00:00,2.0,6.4,309.6
2011-02-25 08:00:00,3.9,19.9,803.2
2011-02-25 09:00:00,5.6,25.9,938.7
2011-02-25 10:00:00,4.1,19.0,794.9
2011-02-25 11:00:00,2.8,11.0,455.1
2011-02-25 12:00:00,1.6,6.4,235.4
2011-02-25 13:00:00,2.2,8.3,297.7
2011-02-25 14:00:00,1.8,7.1,241.7
2011-02-25 15:00:00,1.9,7.7,279.3
2011-02-25 16:00:00,2.0,9.0,296.3
2011-02-25 17:00:00,2.3,9.6,351.8
2011-02-25 18:00:00,2.9,12.9,450.9
2011-02-25 19:00:00,3.0,13.4,483.3
2011-02-25 20:00:00,3.2,14.1,475.0
2011-02-25 21:00:00,1.9,7.2,352.1
2011-02-25 22:00:00,2.5,10.5,486.3
2011-02-25 23:00:00,2.7,10.8,484.8
2011-02-26 00:00:00,2.3,8.1,396.3
2011-02-26 01:00:00,1.8,7.2,316.7
2011-02-26 02:00:00,1.8,6.0,333.5
2011-02-26 03:00:00,1.9,7.7,361.3
2011-02-26 04:00:00,1.5,5.7,239.7
2011-02-26 05:00:00,1.0,3.3,165.7
2011-02-26 06:00:00,1.0,2.8,159.5
2011-02-26 07:00:00,0.8,2.1,96.4
2011-02-26 08:00:00,1.2,4.4,209.7
2011-02-26 09:00:00,1.1,3.8,216.5
2011-02-26 10:00:00,1.1,4.1,136.8
2011-02-26 11:00:00,1.0,3.7,100.5
2011-02-26 12:00:00,1.1,3.4,104.2
2011-02-26 13:00:00,1.2,4.4,118.2
2011-02-26 14:00:00,1.3,4.5,135.3
2011-02-26 15:00:00,0.8,2.6,92.9
2011-02-26 16:00:00,1.0,3.6,94.6
2011-02-26 17:00:00,1.2,3.3,109.1
2011-02-26 18:00:00,1.2,3.8,128.4
2011-02-26 19:00:00,1.7,4.5,207.4
2011-02-26 20:00:00,2.4,10.3,367.5
2011-02-26 21:00:00,2.1,8.3,301.8
2011-02-26 22:00:00,2.2,8.8,351.1
2011-02-26 23:00:00,2.7,10.8,465.7
2011-02-27 00:00:00,2.6,10.0,439.1
2011-02-27 01:00:00,2.6,10.5,432.9
2011-02-27 02:00:00,1.4,4.7,275.6
2011-02-27 03:00:00,1.5,6.1,282.2
2011-02-27 04:00:00,1.4,4.9,213.0
2011-02-27 05:00:00,1.0,2.7,135.4
2011-02-27 06:00:00,1.1,3.0,155.5
2011-02-27 07:00:00,1.1,3.5,176.9
2011-02-27 08:00:00,1.2,3.9,164.0
2011-02-27 09:00:00,1.3,3.2,172.8
2011-02-27 10:00:00,2.0,7.2,322.5
2011-02-27 11:00:00,1.4,4.9,236.3
2011-02-27 12:00:00,1.2,3.9,137.7
2011-02-27 13:00:00,1.1,3.9,117.0
2011-02-27 14:00:00,0.6,2.0,104.2
2011-02-27 15:00:00,0.6,2.2,94.5
2011-02-27 16:00:00,0.7,2.6,91.7
2011-02-27 17:00:00,0.8,2.4,94.9
2011-02-27 18:00:00,0.9,2.3,110.0
2011-02-27 19:00:00,1.8,4.3,193.9
2011-02-27 20:00:00,1.9,7.0,304.1
2011-02-27 21:00:00,1.0,3.5,99.6
2011-02-27 22:00:00,0.9,2.2,93.2
2011-02-27 23:00:00,1.2,3.3,102.0
2011-02-28 00:00:00,1.3,4.4,135.5
2011-02-28 01:00:00,0.6,1.8,71.1
2011-02-28 02:00:00,0.5,1.3,62.3
2011-02-28 03:00:00,0.7,0.5,60.4
2011-02-28 04:00:00,0.5,0.3,33.5
2011-02-28 05:00:00,0.4,0.3,31.2
2011-02-28 06:00:00,0.6,0.3,51.3
2011-02-28 07:00:00,0.6,0.5,58.2
2011-02-28 08:00:00,0.9,2.7,84.2
2011-02-28 09:00:00,0.9,2.7,93.3
2011-02-28 10:00:00,0.7,2.2,82.7
2011-02-28 11:00:00,0.8,2.2,86.4
2011-02-28 12:00:00,0.8,2.1,73.5
2011-02-28 13:00:00,1.1,3.6,85.6
2011-02-28 14:00:00,0.9,2.6,81.1
2011-02-28 15:00:00,1.0,2.6,83.4
2011-02-28 16:00:00,0.7,2.5,73.0
2011-02-28 17:00:00,0.9,3.1,80.6
2011-02-28 18:00:00,1.4,5.3,125.9
2011-02-28 19:00:00,2.2,8.6,310.3
2011-02-28 20:00:00,1.9,6.0,270.9
2011-02-28 21:00:00,1.1,2.9,88.1
2011-02-28 22:00:00,1.4,1.9,74.5
2011-02-28 23:00:00,1.3,1.5,51.6
2011-03-01 00:00:00,1.3,1.1,63.5
2011-03-01 01:00:00,1.6,0.5,44.3
2011-03-01 02:00:00,-0.1,0.6,23.1
2011-03-01 03:00:00,1.2,0.2,103.2
2011-03-01 04:00:00,0.3,0.2,-65.1
2011-03-01 05:00:00,1.1,0.2,110.3
2011-03-01 06:00:00,0.2,0.2,-100.6
2011-03-01 07:00:00,1.3,0.8,64.6
2011-03-01 08:00:00,1.4,5.2,117.6
2011-03-01 09:00:00,1.8,6.5,272.4
2011-03-01 10:00:00,1.9,4.1,119.1
2011-03-01 11:00:00,1.7,2.1,263.6
2011-03-01 12:00:00,1.8,2.1,106.5
2011-03-01 13:00:00,1.2,2.4,86.5
2011-03-01 14:00:00,1.3,3.5,91.3
2011-03-01 15:00:00,1.1,2.6,84.2
2011-03-01 16:00:00,1.3,3.2,98.7
2011-03-01 17:00:00,1.3,3.4,106.5
2011-03-01 18:00:00,1.3,4.7,111.8
2011-03-01 19:00:00,1.7,6.8,272.4
2011-03-01 20:00:00,2.2,8.1,351.1
2011-03-01 21:00:00,1.6,5.9,250.1
2011-03-01 22:00:00,1.8,1.8,162.1
2011-03-01 23:00:00,2.4,2.9,238.3
2011-03-02 00:00:00,2.5,2.1,238.3
2011-03-02 01:00:00,2.3,1.1,225.4
2011-03-02 02:00:00,2.5,0.9,228.4
2011-03-02 03:00:00,1.3,0.6,63.9
2011-03-02 04:00:00,0.8,0.4,76.8
2011-03-02 05:00:00,0.8,1.2,77.2
2011-03-02 06:00:00,1.3,1.5,231.4
2011-03-02 07:00:00,1.1,3.3,202.9
2011-03-02 08:00:00,3.0,12.2,429.2
2011-03-02 09:00:00,3.2,14.2,517.2
2011-03-02 10:00:00,2.4,8.4,395.0
2011-03-02 11:00:00,2.4,10.5,456.7
2011-03-02 12:00:00,3.3,4.7,466.3
2011-03-02 13:00:00,2.4,5.1,257.5
2011-03-02 14:00:00,2.0,9.9,585.3
2011-03-02 15:00:00,2.5,5.7,255.8
2011-03-02 16:00:00,2.0,10.3,403.9
2011-03-02 17:00:00,2.4,7.8,362.2
2011-03-02 18:00:00,3.6,19.3,629.0
2011-03-02 19:00:00,4.5,22.6,785.1
2011-03-02 20:00:00,4.5,20.1,729.8
2011-03-02 21:00:00,2.9,10.3,456.0
2011-03-02 22:00:00,2.3,6.6,397.3
2011-03-02 23:00:00,2.1,6.6,347.6
2011-03-03 00:00:00,2.0,5.5,350.0
2011-03-03 01:00:00,1.7,4.0,279.3
2011-03-03 02:00:00,1.8,4.8,296.1
2011-03-03 03:00:00,1.7,4.3,294.7
2011-03-03 04:00:00,1.6,5.7,343.1
2011-03-03 05:00:00,2.0,4.1,335.3
2011-03-03 06:00:00,2.2,6.3,375.0
2011-03-03 07:00:00,2.2,7.4,439.4
2011-03-03 08:00:00,4.9,18.4,765.0
2011-03-03 09:00:00,4.5,20.6,705.2
2011-03-03 10:00:00,2.8,9.9,469.8
2011-03-03 11:00:00,2.0,7.6,405.1
2011-03-03 12:00:00,1.9,5.1,302.1
2011-03-03 13:00:00,1.7,5.7,289.6
2011-03-03 14:00:00,1.8,5.8,259.9
2011-03-03 15:00:00,1.8,5.1,223.0
2011-03-03 16:00:00,1.7,6.4,239.7
2011-03-03 17:00:00,2.4,8.6,427.1
2011-03-03 18:00:00,3.8,17.0,735.0
2011-03-03 19:00:00,4.0,19.4,809.2
2011-03-03 20:00:00,3.4,15.0,673.3
2011-03-03 21:00:00,3.5,11.7,570.1
2011-03-03 22:00:00,2.7,9.7,497.3
2011-03-03 23:00:00,2.0,7.5,346.0
2011-03-04 00:00:00,2.8,9.0,472.8
2011-03-04 01:00:00,2.2,6.6,380.7
2011-03-04 02:00:00,1.9,4.2,287.6
2011-03-04 03:00:00,1.1,2.8,173.2
2011-03-04 04:00:00,0.9,1.3,141.2
2011-03-04 05:00:00,1.1,2.8,162.1
2011-03-04 06:00:00,1.2,4.3,174.2
2011-03-04 07:00:00,2.0,7.8,426.9
2011-03-04 08:00:00,3.9,20.9,813.0
2011-03-04 09:00:00,5.2,28.2,972.4
2011-03-04 10:00:00,3.6,18.3,797.9
2011-03-04 11:00:00,3.7,14.6,595.0
2011-03-04 12:00:00,4.1,15.8,635.8
2011-03-04 13:00:00,3.7,15.9,706.6
2011-03-04 14:00:00,3.6,15.6,642.3
2011-03-04 15:00:00,4.0,18.5,801.1
2011-03-04 16:00:00,4.0,17.3,755.2
2011-03-04 17:00:00,3.6,15.3,661.3
2011-03-04 18:00:00,3.0,11.9,544.6
2011-03-04 19:00:00,3.4,14.0,589.8
2011-03-04 20:00:00,3.9,17.7,704.3
2011-03-04 21:00:00,2.1,8.9,357.2
2011-03-04 22:00:00,1.7,4.5,260.8
2011-03-04 23:00:00,1.8,6.4,287.8
2011-03-05 00:00:00,1.5,5.7,254.1
2011-03-05 01:00:00,1.9,7.2,304.0
2011-03-05 02:00:00,1.3,4.6,230.4
2011-03-05 03:00:00,1.7,5.4,254.5
2011-03-05 04:00:00,1.4,4.9,192.4
2011-03-05 05:00:00,1.3,3.5,153.6
2011-03-05 06:00:00,1.3,5.3,258.1
2011-03-05 07:00:00,0.7,1.8,136.9
2011-03-05 08:00:00,1.8,6.6,298.5
2011-03-05 09:00:00,2.2,9.4,407.0
2011-03-05 10:00:00,1.0,2.7,106.5
2011-03-05 11:00:00,1.2,4.8,150.2
2011-03-05 12:00:00,1.5,5.8,171.8
2011-03-05 13:00:00,1.8,6.7,310.7
2011-03-05 14:00:00,2.2,8.9,386.1
2011-03-05 15:00:00,1.4,6.2,175.1
2011-03-05 16:00:00,1.9,7.1,338.6
2011-03-05 17:00:00,2.3,9.1,314.2
2011-03-05 18:00:00,2.3,8.2,327.3
2011-03-05 19:00:00,2.2,8.5,380.4
2011-03-05 20:00:00,2.9,12.1,495.3
2011-03-05 21:00:00,2.6,10.6,513.2
2011-03-05 22:00:00,2.3,9.2,374.0
2011-03-05 23:00:00,1.9,7.6,378.5
2011-03-06 00:00:00,2.4,8.8,345.8
2011-03-06 01:00:00,1.4,5.4,185.3
2011-03-06 02:00:00,0.7,1.9,93.6
2011-03-06 03:00:00,0.7,1.2,83.5
2011-03-06 04:00:00,0.7,1.2,64.1
2011-03-06 05:00:00,0.7,1.0,60.9
2011-03-06 06:00:00,0.7,0.4,57.3
2011-03-06 07:00:00,0.7,1.4,64.1
2011-03-06 08:00:00,0.7,1.0,80.7
2011-03-06 09:00:00,0.7,1.7,86.7
2011-03-06 10:00:00,0.7,1.7,83.9
2011-03-06 11:00:00,0.7,2.0,93.9
2011-03-06 12:00:00,0.9,2.7,99.1
2011-03-06 13:00:00,1.0,2.5,99.7
2011-03-06 14:00:00,1.9,6.7,223.5
2011-03-06 15:00:00,2.6,11.6,429.4
2011-03-06 16:00:00,1.3,4.1,143.3
2011-03-06 17:00:00,1.9,4.8,270.1
2011-03-06 18:00:00,1.9,7.4,328.4
2011-03-06 19:00:00,1.8,7.0,315.6
2011-03-06 20:00:00,1.5,4.7,276.1
2011-03-06 21:00:00,1.2,4.6,229.3
2011-03-06 22:00:00,1.0,4.1,210.1
2011-03-06 23:00:00,1.1,4.3,240.1
2011-03-07 00:00:00,0.9,3.1,108.7
2011-03-07 01:00:00,0.9,2.5,115.0
2011-03-07 02:00:00,0.6,1.5,80.3
2011-03-07 03:00:00,0.5,0.9,80.3
2011-03-07 04:00:00,0.7,0.4,67.0
2011-03-07 05:00:00,0.7,0.6,57.3
2011-03-07 06:00:00,0.6,0.5,71.5
2011-03-07 07:00:00,0.7,2.1,86.7
2011-03-07 08:00:00,1.7,4.5,268.5
2011-03-07 09:00:00,1.8,7.1,319.2
2011-03-07 10:00:00,1.4,4.8,258.7
2011-03-07 11:00:00,1.8,4.4,262.3
2011-03-07 12:00:00,1.5,5.2,149.5
2011-03-07 13:00:00,1.4,4.6,146.7
2011-03-07 14:00:00,1.5,5.2,150.7
2011-03-07 15:00:00,1.3,3.8,141.9
2011-03-07 16:00:00,1.8,5.4,224.7
2011-03-07 17:00:00,1.9,7.0,300.0
2011-03-07 18:00:00,2.5,9.0,360.8
2011-03-07 19:00:00,3.8,18.2,645.0
2011-03-07 20:00:00,3.7,15.8,564.2
2011-03-07 21:00:00,2.6,10.1,448.3
2011-03-07 22:00:00,1.5,5.5,262.6
2011-03-07 23:00:00,2.3,7.4,358.1
2011-03-08 00:00:00,1.5,3.9,259.0
2011-03-08 01:00:00,1.6,4.8,301.1
2011-03-08 02:00:00,1.3,3.9,281.8
2011-03-08 03:00:00,1.1,2.6,219.7
2011-03-08 04:00:00,1.1,2.1,214.3
2011-03-08 05:00:00,1.1,2.1,219.3
2011-03-08 06:00:00,1.1,3.3,216.7
2011-03-08 07:00:00,1.6,5.1,270.9
2011-03-08 08:00:00,4.9,21.6,782.6
2011-03-08 09:00:00,5.1,26.3,813.4
2011-03-08 10:00:00,4.1,17.5,646.2
2011-03-08 11:00:00,3.3,13.6,520.3
2011-03-08 12:00:00,1.7,6.6,316.6
2011-03-08 13:00:00,2.0,8.7,352.3
2011-03-08 14:00:00,2.5,12.2,403.3
2011-03-08 15:00:00,2.2,10.0,357.1
2011-03-08 16:00:00,2.1,10.4,390.1
2011-03-08 17:00:00,2.2,9.4,393.6
2011-03-08 18:00:00,4.0,19.2,686.0
2011-03-08 19:00:00,4.6,26.5,857.8
2011-03-08 20:00:00,5.5,25.9,862.5
2011-03-08 21:00:00,3.4,14.7,631.8
2011-03-08 22:00:00,2.2,9.4,429.3
2011-03-08 23:00:00,1.6,5.9,321.8
2011-03-09 00:00:00,1.8,5.7,351.9
2011-03-09 01:00:00,1.1,4.2,283.2
2011-03-09 02:00:00,1.2,3.4,239.1
2011-03-09 03:00:00,1.0,2.1,213.7
2011-03-09 04:00:00,0.8,2.0,188.5
2011-03-09 05:00:00,0.9,3.5,211.4
2011-03-09 06:00:00,1.2,4.4,246.4
2011-03-09 07:00:00,2.3,7.9,372.0
2011-03-09 08:00:00,4.3,22.3,805.5
2011-03-09 09:00:00,5.8,26.4,904.0
2011-03-09 10:00:00,4.2,18.0,705.9
2011-03-09 11:00:00,3.6,13.6,513.6
2011-03-09 12:00:00,2.9,11.4,566.9
2011-03-09 13:00:00,3.0,12.5,494.8
2011-03-09 14:00:00,2.8,10.4,518.2
2011-03-09 15:00:00,2.1,7.6,347.3
2011-03-09 16:00:00,2.3,9.0,333.6
2011-03-09 17:00:00,2.6,11.3,391.5
2011-03-09 18:00:00,4.3,18.8,747.2
2011-03-09 19:00:00,6.9,30.3,1006.5
2011-03-09 20:00:00,5.7,24.6,1049.0
2011-03-09 21:00:00,5.1,22.7,843.0
2011-03-09 22:00:00,2.5,9.4,371.3
2011-03-09 23:00:00,2.3,8.0,399.4
2011-03-10 00:00:00,2.2,6.8,375.0
2011-03-10 01:00:00,1.4,4.3,231.5
2011-03-10 02:00:00,1.8,4.3,251.0
2011-03-10 03:00:00,1.6,4.4,245.8
2011-03-10 04:00:00,1.6,2.9,214.5
2011-03-10 05:00:00,1.4,3.9,173.7
2011-03-10 06:00:00,1.2,4.5,186.4
2011-03-10 07:00:00,1.8,5.9,309.3
2011-03-10 08:00:00,3.9,22.0,852.6
2011-03-10 09:00:00,4.6,21.5,817.8
2011-03-10 10:00:00,3.3,13.4,573.4
2011-03-10 11:00:00,3.4,13.6,532.8
2011-03-10 12:00:00,2.8,12.2,458.8
2011-03-10 13:00:00,2.6,9.6,358.6
2011-03-10 14:00:00,2.2,9.0,385.1
2011-03-10 15:00:00,2.2,10.6,362.6
2011-03-10 16:00:00,2.0,6.8,327.1
2011-03-10 17:00:00,2.2,9.6,345.6
2011-03-10 18:00:00,2.9,12.8,515.7
2011-03-10 19:00:00,4.0,20.8,701.1
2011-03-10 20:00:00,4.7,23.0,844.4
2011-03-10 21:00:00,3.6,15.0,663.6
2011-03-10 22:00:00,2.3,8.2,408.3
2011-03-10 23:00:00,1.9,5.8,351.9
2011-03-11 00:00:00,1.2,5.4,303.0
2011-03-11 01:00:00,1.6,4.7,322.6
2011-03-11 02:00:00,1.0,3.9,283.3
2011-03-11 03:00:00,0.8,2.7,237.7
2011-03-11 04:00:00,1.1,3.8,211.3
2011-03-11 05:00:00,0.9,1.9,198.2
2011-03-11 06:00:00,1.0,2.8,190.4
2011-03-11 07:00:00,1.2,4.1,242.6
2011-03-11 08:00:00,3.3,13.8,552.9
2011-03-11 09:00:00,4.6,24.7,908.0
2011-03-11 10:00:00,4.1,19.7,769.7
2011-03-11 11:00:00,2.8,0.2,246.2
2011-03-11 12:00:00,2.6,11.2,432.3
2011-03-11 13:00:00,2.5,11.1,403.1
2011-03-11 14:00:00,3.0,13.6,427.9
2011-03-11 15:00:00,3.0,14.6,382.6
2011-03-11 16:00:00,2.6,11.3,319.7
2011-03-11 17:00:00,2.4,9.8,426.5
2011-03-11 18:00:00,3.2,16.1,425.3
2011-03-11 19:00:00,4.8,21.9,847.2
2011-03-11 20:00:00,4.7,26.2,897.1
2011-03-11 21:00:00,3.7,15.3,636.3
2011-03-11 22:00:00,1.7,6.9,244.2
2011-03-11 23:00:00,1.8,5.9,305.6
2011-03-12 00:00:00,2.1,5.8,288.9
2011-03-12 01:00:00,1.8,4.6,205.5
2011-03-12 02:00:00,2.1,5.9,314.5
2011-03-12 03:00:00,1.7,5.2,294.9
2011-03-12 04:00:00,1.3,2.7,161.9
2011-03-12 05:00:00,0.7,1.9,76.0
2011-03-12 06:00:00,0.9,1.8,73.4
2011-03-12 07:00:00,1.0,1.9,99.0
2011-03-12 08:00:00,1.4,3.0,121.2
2011-03-12 09:00:00,1.8,7.0,250.9
2011-03-12 10:00:00,1.9,6.5,255.0
2011-03-12 11:00:00,2.0,7.1,311.0
2011-03-12 12:00:00,1.7,5.8,275.6
2011-03-12 13:00:00,1.6,6.3,189.2
2011-03-12 14:00:00,1.8,6.4,199.1
2011-03-12 15:00:00,1.3,4.2,139.2
2011-03-12 16:00:00,1.7,5.5,208.7
2011-03-12 17:00:00,2.1,8.4,294.7
2011-03-12 18:00:00,2.4,9.3,324.4
2011-03-12 19:00:00,2.1,7.6,324.2
2011-03-12 20:00:00,3.3,13.6,571.0
2011-03-12 21:00:00,3.4,13.1,539.7
2011-03-12 22:00:00,1.4,4.9,228.5
2011-03-12 23:00:00,1.6,3.6,191.8
2011-03-13 00:00:00,1.4,2.8,127.0
2011-03-13 01:00:00,1.1,2.6,106.4
2011-03-13 02:00:00,1.0,3.3,93.6
2011-03-13 03:00:00,0.7,1.7,65.2
2011-03-13 04:00:00,0.8,2.8,73.1
2011-03-13 05:00:00,0.7,1.8,63.8
2011-03-13 06:00:00,0.6,1.3,53.1
2011-03-13 07:00:00,0.7,1.4,65.2
2011-03-13 08:00:00,1.1,2.1,95.2
2011-03-13 09:00:00,1.0,2.9,93.6
2011-03-13 10:00:00,1.7,4.6,238.9
2011-03-13 11:00:00,2.7,9.6,486.3
2011-03-13 12:00:00,2.9,11.7,530.5
2011-03-13 13:00:00,2.5,8.1,463.9
2011-03-13 14:00:00,1.3,2.5,127.0
2011-03-13 15:00:00,1.1,3.2,108.1
2011-03-13 16:00:00,1.7,5.6,144.4
2011-03-13 17:00:00,1.9,5.9,261.9
2011-03-13 18:00:00,2.1,8.6,255.6
2011-03-13 19:00:00,4.1,19.6,697.3
2011-03-13 20:00:00,3.4,15.1,716.0
2011-03-13 21:00:00,1.9,6.4,308.1
2011-03-13 22:00:00,2.3,8.8,447.3
2011-03-13 23:00:00,2.0,8.4,401.5
2011-03-14 00:00:00,1.5,4.4,189.0
2011-03-14 01:00:00,1.6,5.3,242.1
2011-03-14 02:00:00,1.7,4.8,287.2
2011-03-14 03:00:00,1.7,3.7,263.7
2011-03-14 04:00:00,1.1,3.0,190.3
2011-03-14 05:00:00,1.5,3.6,186.3
2011-03-14 06:00:00,1.7,5.5,280.4
2011-03-14 07:00:00,2.1,8.6,382.0
2011-03-14 08:00:00,4.0,19.0,695.1
2011-03-14 09:00:00,5.2,23.4,895.3
2011-03-14 10:00:00,2.9,11.4,526.7
2011-03-14 11:00:00,1.7,6.2,244.1
2011-03-14 12:00:00,1.8,8.3,282.3
2011-03-14 13:00:00,1.9,6.7,258.1
2011-03-14 14:00:00,2.2,8.7,279.0
2011-03-14 15:00:00,2.0,7.5,265.0
2011-03-14 16:00:00,2.6,11.8,367.8
2011-03-14 17:00:00,3.0,13.6,438.0
2011-03-14 18:00:00,5.5,29.7,660.9
2011-03-14 19:00:00,6.7,30.4,783.8
2011-03-14 20:00:00,6.0,27.2,768.3
2011-03-14 21:00:00,3.4,15.2,581.1
2011-03-14 22:00:00,2.7,10.0,474.6
2011-03-14 23:00:00,2.1,7.3,390.1
2011-03-15 00:00:00,1.4,5.3,259.3
2011-03-15 01:00:00,0.9,2.0,118.4
2011-03-15 02:00:00,1.0,2.6,105.2
2011-03-15 03:00:00,0.9,1.7,141.2
2011-03-15 04:00:00,0.7,1.2,113.1
2011-03-15 05:00:00,0.9,1.7,74.0
2011-03-15 06:00:00,1.0,2.3,141.8
2011-03-15 07:00:00,1.2,4.0,200.4
2011-03-15 08:00:00,3.7,15.8,660.3
2011-03-15 09:00:00,4.7,21.1,800.8
2011-03-15 10:00:00,3.6,15.5,571.3
2011-03-15 11:00:00,3.1,14.7,433.0
2011-03-15 12:00:00,2.6,12.3,343.6
2011-03-15 13:00:00,2.4,9.6,317.3
2011-03-15 14:00:00,2.5,11.9,335.5
2011-03-15 15:00:00,2.7,12.4,324.9
2011-03-15 16:00:00,2.8,13.2,360.9
2011-03-15 17:00:00,3.1,16.0,368.1
2011-03-15 18:00:00,4.1,21.5,610.8
2011-03-15 19:00:00,5.7,30.8,619.6
2011-03-15 20:00:00,7.4,32.0,896.7
2011-03-15 21:00:00,4.3,24.6,870.1
2011-03-15 22:00:00,2.6,10.2,436.4
2011-03-15 23:00:00,2.2,7.3,347.7
2011-03-16 00:00:00,1.9,7.2,361.2
2011-03-16 01:00:00,1.5,3.7,257.2
2011-03-16 02:00:00,1.1,3.6,189.6
2011-03-16 03:00:00,0.9,2.6,142.8
2011-03-16 04:00:00,0.9,1.5,137.3
2011-03-16 05:00:00,0.9,2.1,133.6
2011-03-16 06:00:00,1.1,3.9,183.6
2011-03-16 07:00:00,1.3,3.5,172.5
2011-03-16 08:00:00,2.8,10.3,521.2
2011-03-16 09:00:00,5.1,24.5,892.2
2011-03-16 10:00:00,3.9,17.6,651.0
2011-03-16 11:00:00,3.2,13.5,411.0
2011-03-16 12:00:00,2.7,11.8,392.9
2011-03-16 13:00:00,2.4,10.4,324.3
2011-03-16 14:00:00,2.2,10.8,323.6
2011-03-16 15:00:00,3.2,16.9,422.1
2011-03-16 16:00:00,2.3,11.2,354.2
2011-03-16 17:00:00,3.4,18.3,464.6
2011-03-16 18:00:00,3.4,16.9,455.4
2011-03-16 19:00:00,4.5,25.6,616.0
2011-03-16 20:00:00,4.9,24.9,664.9
2011-03-16 21:00:00,5.5,27.0,672.7
2011-03-16 22:00:00,3.3,14.9,571.4
2011-03-16 23:00:00,2.8,10.7,591.9
2011-03-17 00:00:00,1.8,6.5,312.2
2011-03-17 01:00:00,1.7,4.1,250.6
2011-03-17 02:00:00,1.1,2.9,154.8
2011-03-17 03:00:00,1.1,2.7,142.8
2011-03-17 04:00:00,1.1,2.7,139.1
2011-03-17 05:00:00,0.9,1.6,132.9
2011-03-17 06:00:00,0.9,2.4,142.8
2011-03-17 07:00:00,2.0,6.6,344.6
2011-03-17 08:00:00,4.7,23.5,908.8
2011-03-17 09:00:00,6.1,27.5,1001.6
2011-03-17 10:00:00,4.6,20.7,652.0
2011-03-17 11:00:00,2.7,11.6,408.8
2011-03-17 12:00:00,2.9,13.6,374.9
2011-03-17 13:00:00,2.4,10.6,293.9
2011-03-17 14:00:00,2.8,13.7,354.6
2011-03-17 15:00:00,2.7,13.3,355.4
2011-03-17 16:00:00,2.4,11.5,336.6
2011-03-17 17:00:00,2.3,8.7,340.0
2011-03-17 18:00:00,3.0,16.1,363.8
2011-03-17 19:00:00,4.0,22.2,600.6
2011-03-17 20:00:00,4.5,22.2,584.2
2011-03-17 21:00:00,4.4,20.9,623.3
2011-03-17 22:00:00,2.6,10.9,417.1
2011-03-17 23:00:00,2.5,8.6,425.9
2011-03-18 00:00:00,2.0,6.3,331.9
2011-03-18 01:00:00,1.5,6.1,296.8
2011-03-18 02:00:00,1.2,4.1,262.3
2011-03-18 03:00:00,1.6,3.9,188.8
2011-03-18 04:00:00,1.0,2.9,156.4
2011-03-18 05:00:00,1.0,2.2,143.5
2011-03-18 06:00:00,1.1,2.9,157.3
2011-03-18 07:00:00,1.5,5.7,231.7
2011-03-18 08:00:00,3.5,14.9,644.2
2011-03-18 09:00:00,6.1,26.8,988.1
2011-03-18 10:00:00,3.6,21.2,688.7
2011-03-18 11:00:00,2.7,13.7,447.4
2011-03-18 12:00:00,2.6,10.9,366.7
2011-03-18 13:00:00,2.6,12.2,292.9
2011-03-18 14:00:00,2.5,11.5,332.4
2011-03-18 15:00:00,2.7,13.7,333.2
2011-03-18 16:00:00,3.2,17.9,417.0
2011-03-18 17:00:00,3.1,15.7,357.4
2011-03-18 18:00:00,3.5,22.4,568.6
2011-03-18 19:00:00,5.3,26.0,662.4
2011-03-18 20:00:00,4.9,25.3,663.7
2011-03-18 21:00:00,4.6,20.9,851.6
2011-03-18 22:00:00,2.1,7.7,422.4
2011-03-18 23:00:00,2.0,8.3,360.2
2011-03-19 00:00:00,1.8,6.8,379.8
2011-03-19 01:00:00,1.8,6.8,343.3
2011-03-19 02:00:00,1.0,3.6,151.1
2011-03-19 03:00:00,1.4,3.9,142.6
2011-03-19 04:00:00,1.0,2.7,96.8
2011-03-19 05:00:00,1.1,3.2,117.1
2011-03-19 06:00:00,0.9,2.2,79.4
2011-03-19 07:00:00,1.4,3.6,187.6
2011-03-19 08:00:00,2.9,12.0,478.6
2011-03-19 09:00:00,2.7,10.7,620.6
2011-03-19 10:00:00,2.5,10.0,463.9
2011-03-19 11:00:00,2.5,9.7,485.3
2011-03-19 12:00:00,2.3,9.4,374.9
2011-03-19 13:00:00,2.2,8.9,357.8
2011-03-19 14:00:00,1.8,6.4,242.2
2011-03-19 15:00:00,1.8,6.6,169.3
2011-03-19 16:00:00,2.0,9.6,277.3
2011-03-19 17:00:00,1.9,6.9,232.0
2011-03-19 18:00:00,1.9,7.4,270.4
2011-03-19 19:00:00,3.1,13.0,531.0
2011-03-19 20:00:00,3.6,15.6,660.4
2011-03-19 21:00:00,2.7,10.1,492.1
2011-03-19 22:00:00,2.2,8.5,329.4
2011-03-19 23:00:00,2.3,9.6,475.3
2011-03-20 00:00:00,1.9,7.4,370.3
2011-03-20 01:00:00,1.7,5.6,263.7
2011-03-20 02:00:00,1.5,3.7,197.0
2011-03-20 03:00:00,1.1,3.8,142.4
2011-03-20 04:00:00,1.1,2.8,99.5
2011-03-20 05:00:00,0.7,2.3,89.3
2011-03-20 06:00:00,0.8,1.8,77.0
2011-03-20 07:00:00,1.1,3.5,87.0
2011-03-20 08:00:00,1.1,2.7,99.2
2011-03-20 09:00:00,1.2,4.4,143.1
2011-03-20 10:00:00,1.9,6.1,304.6
2011-03-20 11:00:00,2.3,11.0,363.5
2011-03-20 12:00:00,1.5,5.5,185.3
2011-03-20 13:00:00,1.4,3.1,129.2
2011-03-20 14:00:00,1.0,2.0,87.9
2011-03-20 15:00:00,1.4,3.1,113.7
2011-03-20 16:00:00,1.6,4.1,133.1
2011-03-20 17:00:00,1.7,5.8,148.2
2011-03-20 18:00:00,1.9,7.1,241.9
2011-03-20 19:00:00,3.0,14.4,453.7
2011-03-20 20:00:00,3.3,15.0,557.4
2011-03-20 21:00:00,3.3,14.8,524.6
2011-03-20 22:00:00,1.7,6.7,246.8
2011-03-20 23:00:00,1.4,6.3,204.7
2011-03-21 00:00:00,1.7,5.7,234.6
2011-03-21 01:00:00,1.6,5.5,245.4
2011-03-21 02:00:00,1.5,3.4,196.3
2011-03-21 03:00:00,1.1,3.3,139.8
2011-03-21 04:00:00,0.7,2.2,87.7
2011-03-21 05:00:00,0.7,2.1,116.5
2011-03-21 06:00:00,1.2,3.2,170.9
2011-03-21 07:00:00,1.9,6.4,304.4
2011-03-21 08:00:00,4.7,21.7,823.7
2011-03-21 09:00:00,7.0,33.6,994.3
2011-03-21 10:00:00,3.7,16.3,645.5
2011-03-21 11:00:00,2.5,10.5,370.8
2011-03-21 12:00:00,2.2,9.5,223.0
2011-03-21 13:00:00,1.8,7.3,223.9
2011-03-21 14:00:00,2.3,10.1,278.7
2011-03-21 15:00:00,1.8,7.5,226.3
2011-03-21 16:00:00,2.2,10.5,264.5
2011-03-21 17:00:00,2.4,11.7,333.5
2011-03-21 18:00:00,4.7,23.5,522.2
2011-03-21 19:00:00,7.1,34.8,771.6
2011-03-21 20:00:00,5.5,26.0,706.6
2011-03-21 21:00:00,3.4,15.5,655.5
2011-03-21 22:00:00,2.4,10.0,442.2
2011-03-21 23:00:00,1.2,5.1,210.7
2011-03-22 00:00:00,1.7,6.1,258.4
2011-03-22 01:00:00,1.6,6.4,273.0
2011-03-22 02:00:00,1.1,3.5,152.5
2011-03-22 03:00:00,0.8,2.3,125.9
2011-03-22 04:00:00,0.7,1.2,124.7
2011-03-22 05:00:00,0.7,1.6,141.2
2011-03-22 06:00:00,0.8,3.1,154.3
2011-03-22 07:00:00,1.2,3.9,167.4
2011-03-22 08:00:00,3.4,14.5,644.8
2011-03-22 09:00:00,7.2,32.6,1012.5
2011-03-22 10:00:00,4.1,22.3,671.7
2011-03-22 11:00:00,3.3,16.2,493.5
2011-03-22 12:00:00,3.6,18.3,534.8
2011-03-22 13:00:00,2.8,13.3,365.7
2011-03-22 14:00:00,2.5,11.6,299.8
2011-03-22 15:00:00,2.2,9.8,262.0
2011-03-22 16:00:00,2.2,9.9,313.3
2011-03-22 17:00:00,2.2,9.7,310.0
2011-03-22 18:00:00,4.5,25.4,563.3
2011-03-22 19:00:00,4.4,21.8,584.6
2011-03-22 20:00:00,3.8,19.6,553.8
2011-03-22 21:00:00,2.6,11.0,422.2
2011-03-22 22:00:00,1.8,7.1,258.7
2011-03-22 23:00:00,1.8,7.2,236.1
2011-03-23 00:00:00,1.8,6.0,239.2
2011-03-23 01:00:00,1.6,4.2,208.7
2011-03-23 02:00:00,1.2,3.2,167.9
2011-03-23 03:00:00,1.0,2.8,143.5
2011-03-23 04:00:00,1.0,3.0,132.2
2011-03-23 05:00:00,1.0,2.0,119.2
2011-03-23 06:00:00,1.1,3.6,154.4
2011-03-23 07:00:00,1.7,6.4,345.1
2011-03-23 08:00:00,6.1,26.5,886.1
2011-03-23 09:00:00,6.7,30.9,726.5
2011-03-23 10:00:00,4.3,21.1,590.4
2011-03-23 11:00:00,3.6,17.0,467.6
2011-03-23 12:00:00,2.5,12.9,305.0
2011-03-23 13:00:00,2.4,11.1,338.8
2011-03-23 14:00:00,2.9,13.9,353.4
2011-03-23 15:00:00,2.5,11.7,377.7
2011-03-23 16:00:00,3.0,15.0,386.7
2011-03-23 17:00:00,2.9,14.6,441.9
2011-03-23 18:00:00,4.6,25.2,634.3
2011-03-23 19:00:00,6.9,32.2,795.1
2011-03-23 20:00:00,6.9,29.7,809.9
2011-03-23 21:00:00,4.2,20.0,609.6
2011-03-23 22:00:00,2.8,12.3,493.8
2011-03-23 23:00:00,3.2,15.3,631.1
2011-03-24 00:00:00,2.5,9.5,467.0
2011-03-24 01:00:00,2.4,9.8,372.7
2011-03-24 02:00:00,1.3,4.8,253.5
2011-03-24 03:00:00,1.1,2.9,176.4
2011-03-24 04:00:00,0.8,2.5,152.4
2011-03-24 05:00:00,0.8,2.6,154.8
2011-03-24 06:00:00,1.0,2.4,142.8
2011-03-24 07:00:00,1.7,5.6,272.1
2011-03-24 08:00:00,4.5,21.7,850.3
2011-03-24 09:00:00,3.6,15.9,521.8
2011-03-24 10:00:00,3.9,19.9,599.3
2011-03-24 11:00:00,4.0,19.5,553.5
2011-03-24 12:00:00,4.7,20.3,807.7
2011-03-24 13:00:00,5.0,23.4,661.2
2011-03-24 14:00:00,3.3,14.8,481.4
2011-03-24 15:00:00,2.5,11.7,356.2
2011-03-24 16:00:00,2.9,12.6,385.4
2011-03-24 17:00:00,2.4,10.9,348.6
2011-03-24 18:00:00,2.9,13.6,379.0
2011-03-24 19:00:00,7.2,34.6,838.1
2011-03-24 20:00:00,7.8,36.1,896.5
2011-03-24 21:00:00,5.7,27.5,659.5
2011-03-24 22:00:00,4.4,20.1,572.6
2011-03-24 23:00:00,3.1,14.1,450.8
2011-03-25 00:00:00,2.5,9.4,481.7
2011-03-25 01:00:00,1.8,7.4,361.5
2011-03-25 02:00:00,1.6,4.1,220.4
2011-03-25 03:00:00,1.5,5.3,276.2
2011-03-25 04:00:00,1.6,4.7,198.2
2011-03-25 05:00:00,1.1,3.8,202.8
2011-03-25 06:00:00,1.1,2.5,151.5
2011-03-25 07:00:00,1.7,6.1,235.1
2011-03-25 08:00:00,4.4,20.0,851.0
2011-03-25 09:00:00,6.3,27.1,817.2
2011-03-25 10:00:00,2.5,11.5,411.2
2011-03-25 11:00:00,2.2,9.0,257.9
2011-03-25 12:00:00,2.7,12.7,401.9
2011-03-25 13:00:00,3.8,17.8,507.8
2011-03-25 14:00:00,3.4,16.4,460.3
2011-03-25 15:00:00,3.2,15.0,422.6
2011-03-25 16:00:00,4.2,20.7,556.0
2011-03-25 17:00:00,4.2,20.9,523.5
2011-03-25 18:00:00,5.5,28.4,585.2
2011-03-25 19:00:00,5.1,26.3,625.0
2011-03-25 20:00:00,4.9,22.8,570.5
2011-03-25 21:00:00,3.4,16.8,491.7
2011-03-25 22:00:00,3.2,15.9,457.4
2011-03-25 23:00:00,2.4,11.0,380.4
2011-03-26 00:00:00,2.6,12.6,501.8
2011-03-26 01:00:00,2.4,10.8,411.9
2011-03-26 02:00:00,2.0,9.1,391.5
2011-03-26 03:00:00,1.7,6.5,313.2
2011-03-26 04:00:00,1.8,6.4,363.4
2011-03-26 05:00:00,1.6,5.7,291.0
2011-03-26 06:00:00,1.5,4.6,260.1
2011-03-26 07:00:00,1.6,6.1,221.8
2011-03-26 08:00:00,2.1,9.0,324.8
2011-03-26 09:00:00,2.8,13.6,409.2
2011-03-26 10:00:00,2.9,13.6,415.1
2011-03-26 11:00:00,2.5,9.7,371.5
2011-03-26 12:00:00,2.5,10.3,364.1
2011-03-26 13:00:00,1.8,7.1,284.9
2011-03-26 14:00:00,1.6,6.2,206.8
2011-03-26 15:00:00,2.0,8.9,273.6
2011-03-26 16:00:00,2.3,9.9,275.6
2011-03-26 17:00:00,2.3,11.0,283.5
2011-03-26 18:00:00,2.3,11.4,267.4
2011-03-26 19:00:00,2.4,11.3,308.0
2011-03-26 20:00:00,1.8,7.6,241.5
2011-03-26 21:00:00,2.2,8.9,330.6
2011-03-26 22:00:00,2.3,10.0,324.8
2011-03-26 23:00:00,1.8,7.3,267.3
2011-03-27 00:00:00,1.8,7.7,327.3
2011-03-27 01:00:00,1.6,4.5,256.2
2011-03-27 02:00:00,1.2,3.1,174.1
2011-03-27 03:00:00,1.2,4.5,167.5
2011-03-27 04:00:00,1.0,3.1,130.8
2011-03-27 05:00:00,1.1,2.6,134.3
2011-03-27 06:00:00,0.9,2.6,97.1
2011-03-27 07:00:00,1.6,4.1,231.3
2011-03-27 08:00:00,1.6,4.8,256.9
2011-03-27 09:00:00,1.5,5.7,253.5
2011-03-27 10:00:00,1.7,5.3,210.9
2011-03-27 11:00:00,1.7,4.8,193.9
2011-03-27 12:00:00,1.7,6.0,184.2
2011-03-27 13:00:00,1.2,4.7,182.7
2011-03-27 14:00:00,1.0,2.6,112.1
2011-03-27 15:00:00,1.2,2.8,117.8
2011-03-27 16:00:00,1.3,4.0,167.4
2011-03-27 17:00:00,1.9,4.4,232.2
2011-03-27 18:00:00,1.7,4.9,234.9
2011-03-27 19:00:00,1.9,6.2,328.9
2011-03-27 20:00:00,2.0,7.7,314.9
2011-03-27 21:00:00,1.8,6.7,293.4
2011-03-27 22:00:00,1.8,6.6,244.3
2011-03-27 23:00:00,1.8,5.2,213.0
2011-03-28 00:00:00,1.6,5.1,235.8
2011-03-28 01:00:00,1.1,3.5,155.6
2011-03-28 02:00:00,1.1,3.5,122.8
2011-03-28 03:00:00,1.4,2.9,143.4
2011-03-28 04:00:00,0.6,2.3,79.7
2011-03-28 05:00:00,0.8,1.9,67.6
2011-03-28 06:00:00,0.6,2.4,80.5
2011-03-28 07:00:00,1.2,3.1,149.8
2011-03-28 08:00:00,0.9,3.9,162.0
2011-03-28 09:00:00,1.8,5.4,218.7
2011-03-28 10:00:00,1.3,5.5,206.4
2011-03-28 11:00:00,1.6,6.0,211.1
2011-03-28 12:00:00,1.4,4.2,147.3
2011-03-28 13:00:00,1.3,3.4,137.1
2011-03-28 14:00:00,1.3,4.9,113.1
2011-03-28 15:00:00,1.2,5.1,120.9
2011-03-28 16:00:00,1.4,3.7,119.7
2011-03-28 17:00:00,1.8,6.4,212.4
2011-03-28 18:00:00,2.3,10.5,311.6
2011-03-28 19:00:00,2.9,13.2,398.8
2011-03-28 20:00:00,2.3,10.7,358.2
2011-03-28 21:00:00,1.8,7.3,271.3
2011-03-28 22:00:00,1.6,7.1,239.4
2011-03-28 23:00:00,1.7,6.9,211.6
2011-03-29 00:00:00,1.7,5.4,277.2
2011-03-29 01:00:00,0.9,3.4,139.1
2011-03-29 02:00:00,1.0,2.3,143.4
2011-03-29 03:00:00,0.6,1.2,64.9
2011-03-29 04:00:00,0.7,1.8,81.1
2011-03-29 05:00:00,0.6,1.7,58.8
2011-03-29 06:00:00,1.2,5.6,216.6
2011-03-29 07:00:00,3.6,15.6,666.0
2011-03-29 08:00:00,5.8,26.2,817.0
2011-03-29 09:00:00,4.4,21.3,716.6
2011-03-29 10:00:00,3.1,15.4,470.3
2011-03-29 11:00:00,2.4,10.4,357.9
2011-03-29 12:00:00,2.7,12.5,385.6
2011-03-29 13:00:00,2.8,14.1,392.5
2011-03-29 14:00:00,2.5,11.5,340.6
2011-03-29 15:00:00,2.7,13.2,375.1
2011-03-29 16:00:00,2.7,12.1,432.1
2011-03-29 17:00:00,3.7,20.3,543.8
2011-03-29 18:00:00,3.5,18.7,549.1
2011-03-29 19:00:00,3.2,14.7,474.0
2011-03-29 20:00:00,3.3,15.9,470.8
2011-03-29 21:00:00,2.3,9.9,394.3
2011-03-29 22:00:00,1.3,5.8,221.0
2011-03-29 23:00:00,1.3,5.5,212.0
2011-03-30 00:00:00,1.7,4.5,247.2
2011-03-30 01:00:00,0.9,3.9,160.3
2011-03-30 02:00:00,0.8,2.4,141.2
2011-03-30 03:00:00,0.5,1.3,64.6
2011-03-30 04:00:00,0.6,1.7,63.9
2011-03-30 05:00:00,0.8,2.5,139.0
2011-03-30 06:00:00,1.1,3.6,161.6
2011-03-30 07:00:00,3.1,12.1,529.6
2011-03-30 08:00:00,3.7,16.4,649.2
2011-03-30 09:00:00,3.5,16.1,594.7
2011-03-30 10:00:00,2.6,11.2,376.9
2011-03-30 11:00:00,1.7,7.3,200.9
2011-03-30 12:00:00,2.1,11.0,296.4
2011-03-30 13:00:00,2.0,9.5,241.8
2011-03-30 14:00:00,2.1,9.0,285.8
2011-03-30 15:00:00,2.0,8.2,282.8
2011-03-30 16:00:00,2.2,11.1,248.4
2011-03-30 17:00:00,2.9,14.5,339.8
2011-03-30 18:00:00,3.5,16.3,442.4
2011-03-30 19:00:00,3.8,21.0,578.0
2011-03-30 20:00:00,3.4,15.5,526.8
2011-03-30 21:00:00,2.2,8.1,294.7
2011-03-30 22:00:00,1.6,6.9,262.7
2011-03-30 23:00:00,1.7,6.8,290.7
2011-03-31 00:00:00,1.2,4.6,199.2
2011-03-31 01:00:00,1.1,4.5,200.7
2011-03-31 02:00:00,0.9,2.3,134.3
2011-03-31 03:00:00,0.8,1.8,148.4
2011-03-31 04:00:00,0.7,2.1,117.5
2011-03-31 05:00:00,0.8,3.0,135.7
2011-03-31 06:00:00,1.7,5.7,339.3
2011-03-31 07:00:00,5.5,26.9,964.8
2011-03-31 08:00:00,2.7,11.8,396.4
2011-03-31 09:00:00,1.4,6.5,229.7
2011-03-31 10:00:00,1.5,5.4,194.8
2011-03-31 11:00:00,0.9,3.8,93.6
2011-03-31 12:00:00,0.9,4.7,103.3
2011-03-31 13:00:00,0.9,3.3,95.2
2011-03-31 14:00:00,0.9,3.4,89.7
2011-03-31 15:00:00,1.0,3.8,116.9
2011-03-31 16:00:00,1.0,3.5,90.2
2011-03-31 17:00:00,1.6,6.9,182.3
2011-03-31 18:00:00,1.6,6.4,182.3
2011-03-31 19:00:00,1.8,7.5,251.9
2011-03-31 20:00:00,1.0,4.7,108.6
2011-03-31 21:00:00,0.6,2.1,76.1
2011-03-31 22:00:00,0.7,2.3,78.2
2011-03-31 23:00:00,0.9,2.6,73.8
2011-04-01 00:00:00,0.6,1.4,52.9
2011-04-01 01:00:00,0.6,0.9,52.7
2011-04-01 02:00:00,0.6,1.4,52.0
2011-04-01 03:00:00,0.6,0.9,49.2
2011-04-01 04:00:00,0.4,0.7,46.7
2011-04-01 05:00:00,0.6,1.6,57.2
2011-04-01 06:00:00,0.7,1.8,76.5
2011-04-01 07:00:00,1.6,6.2,246.7
2011-04-01 08:00:00,1.6,6.8,226.0
2011-04-01 09:00:00,1.2,4.9,116.9
2011-04-01 10:00:00,1.2,4.5,125.6
2011-04-01 11:00:00,1.1,4.4,97.7
2011-04-01 12:00:00,1.0,3.5,124.1
2011-04-01 13:00:00,1.1,5.0,141.4
2011-04-01 14:00:00,1.0,3.0,127.5
2011-04-01 15:00:00,1.1,4.5,132.2
2011-04-01 16:00:00,1.2,4.7,135.6
2011-04-01 17:00:00,1.3,5.2,141.4
2011-04-01 18:00:00,1.4,6.1,170.5
2011-04-01 19:00:00,1.9,8.3,315.8
2011-04-01 20:00:00,1.0,4.3,122.0
2011-04-01 21:00:00,0.8,2.4,105.4
2011-04-01 22:00:00,0.8,2.2,96.8
2011-04-01 23:00:00,1.0,3.6,114.1
2011-04-02 00:00:00,1.5,6.7,251.1
2011-04-02 01:00:00,0.8,2.2,106.2
2011-04-02 02:00:00,0.6,1.7,86.1
2011-04-02 03:00:00,0.7,1.6,83.1
2011-04-02 04:00:00,0.7,0.8,76.4
2011-04-02 05:00:00,0.7,1.6,63.7
2011-04-02 06:00:00,0.7,2.1,89.5
2011-04-02 07:00:00,1.2,2.9,158.0
2011-04-02 08:00:00,0.8,2.8,99.1
2011-04-02 09:00:00,0.8,2.5,89.9
2011-04-02 10:00:00,0.9,3.1,107.8
2011-04-02 11:00:00,0.8,2.6,106.8
2011-04-02 12:00:00,0.9,2.9,112.3
2011-04-02 13:00:00,0.8,2.7,90.7
2011-04-02 14:00:00,0.9,2.8,95.3
2011-04-02 15:00:00,0.9,2.9,89.6
2011-04-02 16:00:00,1.0,2.4,94.0
2011-04-02 17:00:00,1.1,4.1,125.5
2011-04-02 18:00:00,1.3,4.9,135.6
2011-04-02 19:00:00,1.0,3.8,100.8
2011-04-02 20:00:00,0.8,2.7,102.5
2011-04-02 21:00:00,0.7,2.0,82.5
2011-04-02 22:00:00,0.7,1.9,75.8
2011-04-02 23:00:00,0.8,2.7,89.9
2011-04-03 00:00:00,0.8,2.1,84.0
2011-04-03 01:00:00,1.1,2.5,102.5
2011-04-03 02:00:00,1.0,3.4,154.6
2011-04-03 03:00:00,1.3,3.2,158.0
2011-04-03 04:00:00,0.6,1.7,84.4
2011-04-03 05:00:00,0.6,1.3,70.1
2011-04-03 06:00:00,0.7,1.6,73.4
2011-04-03 07:00:00,1.0,2.1,148.0
2011-04-03 08:00:00,1.1,2.1,143.5
2011-04-03 09:00:00,1.3,3.6,194.5
2011-04-03 10:00:00,1.3,3.8,133.7
2011-04-03 11:00:00,1.4,5.5,154.3
2011-04-03 12:00:00,1.6,4.7,184.2
2011-04-03 13:00:00,1.0,4.2,103.2
2011-04-03 14:00:00,0.9,4.0,134.1
2011-04-03 15:00:00,1.1,5.3,146.3
2011-04-03 16:00:00,1.0,5.1,146.7
2011-04-03 17:00:00,1.3,5.8,164.0
2011-04-03 18:00:00,1.3,5.4,136.4
2011-04-03 19:00:00,2.8,12.7,359.1
2011-04-03 20:00:00,2.2,7.9,361.2
2011-04-03 21:00:00,1.7,6.1,315.2
2011-04-03 22:00:00,1.8,5.4,266.8
2011-04-03 23:00:00,1.8,5.6,296.4
2011-04-04 00:00:00,1.4,3.0,179.3
2011-04-04 01:00:00,1.0,1.9,93.9
2011-04-04 02:00:00,0.8,1.6,76.3
2011-04-04 03:00:00,0.7,1.6,63.2
2011-04-04 04:00:00,0.7,0.8,58.1
2011-04-04 05:00:00,0.8,1.7,63.2
2011-04-04 06:00:00,1.2,3.8,160.1
2011-04-04 07:00:00,3.8,16.4,668.0
2011-04-04 08:00:00,4.9,25.2,882.9
2011-04-04 09:00:00,3.2,14.9,470.0
2011-04-04 10:00:00,2.9,13.7,403.3
2011-04-04 11:00:00,2.6,10.8,357.2
2011-04-04 12:00:00,2.7,13.0,344.7
2011-04-04 13:00:00,1.9,10.7,302.8
2011-04-04 14:00:00,2.5,13.1,313.9
